Plot No,Tree No,Letter,Transect,AxisX,AxisY,ScientificName,LocalName,DBH_CM_2005,Height_m_2005,DBH_CM_2016,Height_m_2016
3002,1,,1,3.15,1,Shorea robusta,Sal,14.6,13.20680137,26.5,18.7
3002,2,,1,12.4,1,Shorea robusta,Sal,11.4,10.79615509,17,12.8
3002,3,,1,13,1,Shorea robusta,Sal,11.6,10.96561327,20.3,16.9
3002,4,,1,17.6,1,Shorea robusta,Sal,10.7,10.17870692,17.3,15.2
3002,5,,2,22.3,9.3,Shorea robusta,Sal,11.4,10.79615509,16,14.2
3002,6,,2,21.8,8.9,Shorea robusta,Sal,15.2,13.59921413,25.2,18.9
3002,7,,2,18.9,8.4,Terminalia alata ,Saj,4.4,4.433106486,,
3002,8,,2,20.6,5.1,Shorea robusta,Sal,4.6,4.73672654,,
3002,9,,2,19.2,5.6,Shorea robusta,Sal,10.1,9.616420156,,
3002,10,,2,16.5,5.2,Shorea robusta,Sal,5.5,5.512195296,,
3002,11,,2,16.2,8.3,Shorea robusta,Sal,7.2,6.681019429,,
3002,12,,2,17.2,9.9,Shorea robusta,Sal,7.2,6.681019429,,
3002,13,,2,15,5.2,Shorea robusta,Sal,10.5,9.994859956,16.3,12.7
3002,14,,2,12.7,8.3,Shorea robusta,Sal,5,5.098577709,,
3002,15,,2,6.4,5.2,Shorea robusta,Sal,6.4,6.169876389,,
3002,16,,2,5.4,6.3,Shorea robusta,Sal,4.6,4.73672654,,
3002,17,,3,8.3,11.5,Shorea robusta,Sal,6.2,6.032096563,,
3002,18,,3,8.4,12.4,Shorea robusta,Sal,85,30.37141678,88.2,33.2
3002,19,,3,9.7,10.6,Shorea robusta,Sal,34.6,21.61389274,37.7,20.8
3002,20,,3,11.6,13.8,Shorea robusta,Sal,72.1,28.76764739,76.5,30.7
3002,21,,3,13.8,12.4,Shorea robusta,Sal,5.9,5.816860717,,
3002,22,,3,15.2,14.8,Shorea robusta,Sal,4.8,4.921422499,,
3002,24,,3,22.6,13.3,Shorea robusta,Sal,10.1,9.616420156,21.2,17.5
3002,25,,4,23.7,23.1,Shorea robusta,Sal,11,10.44813238,17.3,15.4
3002,26,,4,5.2,20,Shorea robusta,Sal,64.5,27.68231927,69,29.2
3002,27,,1,6.3,1,Shorea robusta,Sal,,,13.4,13
3002,28,,1,11.6,1,Shorea robusta,Sal,,,13,14.1
3002,29,,1,18.8,1,Shorea robusta,Sal,,,12.3,10.8
3002,30,,1,21.1,1,Shorea robusta,Sal,,,19,16.6
3002,31,,2,19,9.8,Shorea robusta,Sal,9.5,7.884031018,,
3002,32,,3,22.5,12.5,Shorea robusta,Sal,,,,
3002,33,,3,17.6,10.5,Shorea robusta,Sal,,,,
3002,34,,3,18.3,14,Shorea robusta,Sal,,,,
3002,35,,3,12.8,11.6,Shorea robusta,Sal,,,,
3002,36,,3,7.8,14,Aegal marmelosa,Bel,,,,
3002,37,,4,8.5,24.8,Shorea robusta,Sal,,,15,13.5
3002,38,,4,10.6,24.5,Shorea robusta,Sal,,,12.1,9.9
3002,39,,4,20,21,Shorea robusta,Sal,,,17.8,15
3002,40,,1,5.2,1,Shorea robusta,Sal,,,11.2,10.9
3002,41,,1,19,1,Shorea robusta,Sal,,,15.5,13.3
3003,1,1a,1,14,1,Sapium insigne,Khirro,10.2,7.970682636,18,8.3
3003,2,1b,1,14.6,1,Sapium insigne,Khirro,10,7.810960585,,
3003,3,3a,2,12.8,7.8,Sapium insigne,Khirro,13.3,10.11112838,17.6,10.3
3003,4,3b,2,12.5,7.7,Sapium insigne,Khirro,10.1,7.891216968,,
3003,5,,2,13.8,8,Sapium insigne,Khirro,8.8,7.181643001,,
3003,6,,2,14.25,8.2,Sapium insigne,Khirro,7.2,6.385923492,,
3003,7,,3,24.6,11.15,Shorea robusta,Sal,11.4,10.79615509,17.5,15.2
3003,8,,3,20.3,12.7,Shorea robusta,Sal,11.7,11.04924984,21,14.9
3003,9,,3,12.2,14.6,Shorea robusta,Sal,16.8,14.57438732,28,19.1
3003,10,,4,3.7,23.35,Shorea robusta,Sal,15.9,14.03790687,23.5,18.4
3003,11,,4,3.6,25,Shorea robusta,Sal,16.3,14.27999634,24.6,16.4
3003,12,,4,4.8,25.15,Shorea robusta,Sal,15.5,13.78964886,23,18.2
3003,13,,4,10.6,22.8,Shorea robusta,Sal,15,13.47015794,24.1,19.6
3003,14,,4,24.6,20.7,Shorea robusta,Sal,13.2,12.2246007,17.8,10.1
3003,15,,1,4.1,1,Sapium insigne,Khirro,,,13.2,7.1
3003,16,,1,17.7,1,Sapium insigne,Khirro,,,,
3003,17,,1,24,1,Sapium insigne,Khirro,,,13.6,8.4
3003,18,,4,22.4,23.1,Shorea robusta,Sal,,,11.6,6.6
3003,19,,4,15.8,20.5,Sapium insigne,Khirro,,,11.2,3
3004,1,,1,0.8,1,Shorea robusta,Sal,10.6,10.08721705,,
3004,2,,1,3.6,1,Shorea robusta,Sal,15.3,13.66310682,22.3,18.5
3004,3,,1,4.5,1,Shorea robusta,Sal,18,15.24662626,25.3,18.4
3004,4,,1,7.4,1,Shorea robusta,Sal,18.9,15.7220181,28.5,17.2
3004,5,,1,11,1,Shorea robusta,Sal,15.3,13.66310682,24,18.2
3004,6,,1,12,1,Shorea robusta,Sal,16.4,14.33959041,21.4,16.1
3004,7,,1,13.5,1,Shorea robusta,Sal,11.1,10.53631036,17.5,14.2
3004,8,,1,14.2,1,Shorea robusta,Sal,19.4,15.97643465,26,22
3004,9,,1,15.8,1,Shorea robusta,Sal,11.9,11.21439956,,
3004,10,,1,14.4,1,Shorea robusta,Sal,13,12.07584056,22,18.2
3004,11,,1,14.9,1,Shorea robusta,Sal,12.1,11.37679665,16,14.4
3004,12,,1,17.2,1,Shorea robusta,Sal,13.2,12.2246007,21,15.8
3004,13,,1,20.4,1,Shorea robusta,Sal,13.5,12.44356722,19.8,14
3004,14,,1,23.4,1,Shorea robusta,Sal,12.7,11.84835318,20.7,15.1
3004,15,,1,23,1,Shorea robusta,Sal,15,13.47015794,15.6,6.1
3004,16,,2,23.3,6,Shorea robusta,Sal,12.3,11.53653137,15.9,14.7
3004,17,,2,23.2,9.2,Shorea robusta,Sal,12.6,11.77132828,18.8,16.2
3004,18,,2,22,5,Shorea robusta,Sal,11.7,11.04924984,19.3,15.4
3004,19,,2,19.5,6.9,Shorea robusta,Sal,10.9,10.35914911,,
3004,20,,2,19.7,8.6,Shorea robusta,Sal,13.5,12.44356722,22.2,19.4
3004,21,,2,18,8.4,Shorea robusta,Sal,12.7,11.84835318,,
3004,22,,2,12.8,9.6,Shorea robusta,Sal,13.4,12.37112376,,
3004,23,,2,14.3,7.9,Shorea robusta,Sal,17.7,15.08286442,21.2,14.3
3004,24,,2,12.5,6.9,Shorea robusta,Sal,15.1,13.53489971,23.5,20.1
3004,25,,2,11.4,7.7,Shorea robusta,Sal,7.6,6.915654949,,
3004,26,,2,10.1,8,Shorea robusta,Sal,15.5,13.78964886,20.6,15.7
3004,27,,2,9.1,6.9,Shorea robusta,Sal,13.8,12.65772089,16.8,11.1
3004,28,,2,7.9,9.9,Shorea robusta,Sal,20.9,16.70209991,30.5,19
3004,29,,2,7.4,8.8,Shorea robusta,Sal,11.7,11.04924984,15.9,10.4
3004,30,,2,6.3,8.1,Shorea robusta,Sal,9.7,7.974444705,10.5,9.2
3004,31,,2,5.2,6.7,Shorea robusta,Sal,17.1,14.74684492,25.8,15.3
3004,32,,2,5.5,6,Shorea robusta,Sal,12,11.29593643,15.8,13.2
3004,33,,2,2.1,5.3,Shorea robusta,Sal,12.8,11.92477397,15.5,12.9
3004,34,,2,1.8,6.5,Shorea robusta,Sal,16.6,14.4576961,24,14.7
3004,35,,2,1.5,8.6,Shorea robusta,Sal,19,15.77343564,25.5,14.4
3004,36,,3,22.7,10.3,Shorea robusta,Sal,14.1,12.86726876,22.4,16.9
3004,37,,3,20.8,15.2,Shorea robusta,Sal,13.9,12.7280721,21,17.3
3004,38,,3,21.4,13,Shorea robusta,Sal,14.4,13.07240475,18.5,13.9
3004,39,,3,19.1,15.2,Shorea robusta,Sal,11,10.44813238,,
3004,40,,3,19.3,14.9,Shorea robusta,Sal,12.4,11.61542735,23,22.4
3004,41,,3,13.2,11.1,Shorea robusta,Sal,4.4,4.543819226,,
3004,42,,3,3.6,12.9,Shorea robusta,Sal,17.6,15.02765974,25.6,19.8
3004,43,,3,6.5,15.7,Shorea robusta,Sal,11.5,10.88125257,17.8,14.7
3004,44,,3,9.8,15.3,Shorea robusta,Sal,8.2,7.245410989,,
3004,45,,4,22.7,25.2,Shorea robusta,Sal,15.8,13.97643285,22.9,17.2
3004,46,,4,20.2,23.9,Shorea robusta,Sal,10.3,9.807477258,15,14.6
3004,47,,4,18.4,25,Shorea robusta,Sal,14.5,13.13983478,16.8,11.7
3004,48,,4,18.9,24.7,Shorea robusta,Sal,10.2,9.712416991,,
3004,49,,4,17.8,25.2,Shorea robusta,Sal,13.1,12.15050453,21.3,14.4
3004,50,,4,13.4,20.4,Shorea robusta,Sal,18.5,15.51359091,28.7,21.9
3004,51,,4,12.9,20.3,Shorea robusta,Sal,16.1,14.15970346,,
3004,52,,4,10.6,21.2,Shorea robusta,Sal,15,13.47015794,,
3004,53,,4,9.1,22.5,Shorea robusta,Sal,19,15.77343564,26,18.3
3004,54,,4,7.7,21.6,Shorea robusta,Sal,14.6,13.20680137,18,15.9
3004,55,,4,12.6,25.4,Shorea robusta,Sal,14.4,13.07240475,18.6,14.4
3004,56,,4,5,21.4,Shorea robusta,Sal,15.5,13.78964886,24.5,15.8
3004,57,,4,4,20.8,Shorea robusta,Sal,12.8,11.92477397,17.8,13.2
3004,58,,4,2.1,21.6,Shorea robusta,Sal,17,14.68969754,23.5,18
3004,59,,4,11.8,23.1,Lagerstroemia parviflora,Botdhairo,12,9.281511565,,
3004,60,,4,4.2,23,Shorea robusta,Sal,,,15.5,13.6
3004,61,,4,5,23.8,Shorea robusta,Sal,,,13,11.5
3004,62,,4,23.5,20.8,Shorea robusta,Sal,,,24.5,15.4
3004,63,,4,23.7,21.8,Shorea robusta,Sal,,,20,15.7
3004,64,,1,10,1,Shorea robusta,Sal,,,13.4,9.7
3005,1,,1,1.45,1,Dalbergia sissoo,Sissoo,28,16.11556192,,
3005,2,,1,4.8,1,Dalbergia sissoo,Sissoo,13,9.927112032,,
3005,3,,1,3.6,1,Dalbergia sissoo,Sissoo,10,7.810960585,20.1,21.8
3005,4,4a,1,9.4,1,Sapium insigne,Khirro,11,8.579703902,20,11.2
3005,5,4b,1,9.4,1,Sapium insigne,Khirro,11,8.579703902,17.3,8
3005,6,,1,14.1,1,Sapium insigne,Khirro,11,8.579703902,24,14.6
3005,7,,2,1.8,6.2,Dalbergia sissoo,Sissoo,21,13.79520463,,
3005,8,,2,9.35,7.5,Sapium insigne,Khirro,16,11.60186886,28.4,15.6
3005,9,,2,13.5,9.5,Sapium insigne,Khirro,14,10.5248447,19.9,7.5
3005,10,,2,14.1,8.8,Sapium insigne,Khirro,10.5,8.204487412,17.4,9.6
3005,11,,2,14.9,8.8,Sapium insigne,Khirro,7.5,6.547794947,,
3005,12,,2,20.6,8.8,Sapium insigne,Khirro,9,7.270754617,15.5,8.2
3005,13,,2,22,5.2,Sapium insigne,Khirro,11,8.579703902,18.9,10.6
3005,14,,2,24.6,9.6,Sapium insigne,Khirro,11.5,8.938238483,16.5,7.9
3005,15,,3,0.25,12.2,Dalbergia sissoo,Sissoo,18,12.55187149,24.5,13.8
3005,16,,3,3.1,13.9,Dalbergia sissoo,Sissoo,21,13.79520463,35.4,22
3005,17,17a,3,8.3,13,Sapium insigne,Khirro,14,10.5248447,21.3,9.7
3005,18,17b,3,8.3,13,Sapium insigne,Khirro,6,5.662963823,,
3005,19,,3,14.5,12.5,Sapium insigne,Khirro,18,12.55187149,25.4,11.3
3005,20,,3,17.7,14.6,Sapium insigne,Khirro,9.5,7.485147369,,
3005,21,,4,3.8,21.1,Dalbergia sissoo,Sissoo,22,14.17042112,,
3005,22,,4,16.7,21.9,Sapium insigne,Khirro,15.2,11.18815253,26,11.2
3005,23,,3,18,15.1,Sapium insigne,Khirro,,,14.1,9.8
3005,24,,4,19.8,25,Sapium insigne,Khirro,,,,
3005,25,,4,22,25,Sapium insigne,Khirro,,,16,7.2
3005,26,,2,17.4,5.9,Sapium insigne,Khirro,,,8.5,4.5
3005,27,,4,10.3,24.6,Dalbergia sissoo,Sissoo,,,,
3006,1,,1,5.5,1,Shorea robusta,Sal,13.6,12.51547603,20.4,20.8
3006,2,,1,11.1,1,Shorea robusta,Sal,11.5,10.88125257,15,13
3006,3,,1,12.2,1,Shorea robusta,Sal,10.4,9.901619053,,
3006,4,,1,13.9,1,Shorea robusta,Sal,13.7,12.58685804,,
3006,5,,1,13.4,1,Shorea robusta,Sal,11.3,10.71030784,14.2,7.9
3006,6,,1,15.5,1,Shorea robusta,Sal,11.8,11.13217459,13.5,11.3
3006,7,,1,18.7,1,Shorea robusta,Sal,13.4,12.37112376,22.1,17.5
3006,8,,1,21.4,1,Shorea robusta,Sal,12.2,11.45699134,19.8,13.6
3006,9,,2,22.3,5.7,Shorea robusta,Sal,12,11.29593643,19,16.7
3006,10,,2,22.6,9,Shorea robusta,Sal,11.2,10.62369749,15,13.3
3006,11,,2,20.7,7.3,Shorea robusta,Sal,10.5,9.994859956,14.9,15.7
3006,12,,2,19.5,8.8,Shorea robusta,Sal,7.3,6.740878309,10.8,12.4
3006,13,,2,19.7,5.6,Shorea robusta,Sal,7.4,6.799922757,,
3006,14,,2,19.1,5.5,Shorea robusta,Sal,8.2,7.245410989,,
3006,15,,2,18.5,5.6,Shorea robusta,Sal,11,10.44813238,,
3006,16,,2,17.6,9.4,Shorea robusta,Sal,5,5.098577709,,
3006,17,,2,15.7,8.4,Shorea robusta,Sal,10.5,9.994859956,14.4,12.6
3006,18,,2,15,6.1,Shorea robusta,Sal,7.5,6.858174638,,
3006,19,,2,14.4,8.9,Shorea robusta,Sal,9.6,7.929473318,13.5,18.2
3006,20,,2,13.9,5.8,Shorea robusta,Sal,12.2,11.45699134,24.5,18.2
3006,21,,2,12.1,6.9,Shorea robusta,Sal,9,7.649395498,15.3,11.9
3006,22,,2,11.7,8,Shorea robusta,Sal,6.5,6.237159907,,
3006,23,,2,11.2,7,Shorea robusta,Sal,10.5,9.994859956,11.8,7.6
3006,24,,2,11.5,10,Shorea robusta,Sal,11.3,10.71030784,18,15
3006,25,,2,11.6,9,Shorea robusta,Sal,9,7.649395498,,
3006,26,,2,10.2,8.9,Shorea robusta,Sal,8.7,7.502272934,13.4,12.2
3006,27,,2,9.2,8.7,Shorea robusta,Sal,8.6,7.452102433,10.3,5.6
3006,28,,2,8.6,6.7,Shorea robusta,Sal,8.7,7.502272934,11.3,9.6
3006,29,,2,8.2,8.7,Shorea robusta,Sal,7,6.558766274,11,10.4
3006,30,,2,7.8,6,Shorea robusta,Sal,12.8,11.92477397,21.2,11.6
3006,31,,2,6.6,6.7,Shorea robusta,Sal,6.1,5.96153078,,
3006,32,,2,6.6,9.4,Shorea robusta,Sal,10.3,9.807477258,21,16.8
3006,33,,2,6,7.4,Shorea robusta,Sal,6.5,6.237159907,,
3006,34,,2,6.3,5,Shorea robusta,Sal,9,7.649395498,11.9,8.4
3006,35,,2,1.8,7.5,Shorea robusta,Sal,11,10.44813238,11.9,5.5
3006,36,,3,2.3,13.5,Shorea robusta,Sal,12.9,12.00060003,16.6,14.3
3006,37,,3,2.2,14.6,Shorea robusta,Sal,11.2,10.62369749,16,15.6
3006,38,,3,2.2,15,Shorea robusta,Sal,10.9,10.35914911,15.2,13.3
3006,39,,3,6.4,11.6,Shorea robusta,Sal,8.7,7.502272934,9.8,3.8
3006,40,,3,7.1,10.3,Shorea robusta,Sal,8,7.138252458,10.8,9.1
3006,42,,3,8,14.7,Shorea robusta,Sal,6.9,6.49632347,,
3006,43,,3,8.8,12.6,Shorea robusta,Sal,15,13.47015794,26.6,17.2
3006,44,,3,9,11.7,Shorea robusta,Sal,5.9,5.816860717,,
3006,45,,3,8.8,10.8,Shorea robusta,Sal,7.1,6.620323334,7.7,7.9
3006,46,,3,10.3,13.7,Shorea robusta,Sal,7.5,6.858174638,,
3006,47,,3,10.2,14.8,Shorea robusta,Sal,4.8,4.921422499,,
3006,48,,3,10.7,15,Shorea robusta,Sal,9.4,7.838107839,,
3006,49,,3,10.9,10.9,Shorea robusta,Sal,7.7,6.972383861,9.5,9.3
3006,50,,3,12.2,13,Shorea robusta,Sal,5.6,5.590390204,,
3006,51,,3,12.7,12.6,Shorea robusta,Sal,9.5,7.884031018,15.5,14.6
3006,52,,3,12.6,13.8,Shorea robusta,Sal,5.7,5.667201059,,
3006,53,,3,13.5,15,Shorea robusta,Sal,8,7.138252458,12.5,12.3
3006,54,,3,13.6,12.7,Shorea robusta,Sal,9.3,7.791693492,14.2,14.7
3006,55,,3,14.3,10.6,Shorea robusta,Sal,10.6,10.08721705,16,13.4
3006,56,,3,14.7,12.5,Shorea robusta,Sal,8.8,7.551870046,10.7,9.8
3006,57,,3,15.4,13.8,Shorea robusta,Sal,9.5,7.884031018,,
3006,58,,3,16.9,12.9,Shorea robusta,Sal,10,9.519468112,11.7,10.1
3006,59,,3,17,13.8,Shorea robusta,Sal,8.9,7.600906726,12.1,12
3006,60,,3,17.9,12.6,Shorea robusta,Sal,8.6,7.452102433,13,13.4
3006,61,,3,18.4,14.7,Shorea robusta,Sal,9,7.649395498,,
3006,62,,3,18.9,14.6,Shorea robusta,Sal,7.9,7.083664317,,
3006,63,,3,16.9,11.1,Shorea robusta,Sal,8.7,7.502272934,9.5,9.5
3006,64,,3,18.6,10.9,Shorea robusta,Sal,5.5,5.512195296,,
3006,65,,3,20.2,10.2,Shorea robusta,Sal,10.7,10.17870692,17.6,16.1
3006,66,,3,20.4,12.1,Shorea robusta,Sal,11.6,10.96561327,17.9,17.3
3006,67,,3,23,13.9,Shorea robusta,Sal,14,12.797919,22.1,16.9
3006,68,,3,24,10.1,Shorea robusta,Sal,11.5,10.88125257,18.5,17
3006,69,,4,20,20.9,Shorea robusta,Sal,11.3,10.71030784,19.7,17.8
3006,70,,4,14.1,21.3,Shorea robusta,Sal,12.1,11.37679665,14.8,13.3
3006,71,,4,14.6,23.7,Shorea robusta,Sal,11.1,10.53631036,14.2,11.8
3006,72,,4,11.4,23.5,Shorea robusta,Sal,10,9.519468112,18.4,15.7
3006,73,,4,7.2,23.4,Shorea robusta,Sal,10.9,10.35914911,18,16.2
3006,74,,4,6.6,21.3,Shorea robusta,Sal,11.5,10.88125257,16.9,13.7
3006,75,,4,1.2,21.7,Shorea robusta,Sal,10.2,9.712416991,13.2,11.2
3006,76,,4,1.5,22.8,Shorea robusta,Sal,10.5,9.994859956,14.7,15.2
3006,77,,2,12.5,8.6,Shorea robusta,Sal,11.8,11.13217459,,
3006,78,,2,12.6,7.7,Shorea robusta,Sal,10.5,9.994859956,,
3006,79,,1,2,1,Shorea robusta,Sal,,,15.6,13.9
3006,80,,1,5.1,1,Shorea robusta,Sal,,,12,11.4
3006,81,,1,5.7,1,Shorea robusta,Sal,,,12.3,11.5
3006,82,,1,6.3,1,Shorea robusta,Sal,,,12.6,7
3006,83,,1,6.9,1,Shorea robusta,Sal,,,,
3006,84,,1,10.3,1,Shorea robusta,Sal,,,17.1,14.6
3006,85,,1,23,1,Shorea robusta,Sal,,,11.7,10
3006,86,,1,20.1,1,Shorea robusta,Sal,,,10.5,9.7
3006,87,,2,,#VALUE!,Shorea robusta,Sal,,,,
3006,88,,3,22.1,13.7,Shorea robusta,Sal,,,11.9,12.9
3006,89,,3,22.2,14.8,Shorea robusta,Sal,,,13.9,13.8
3006,90,,4,24.7,21,Shorea robusta,Sal,,,13.1,13.6
3006,91,,4,24.8,24.6,Shorea robusta,Sal,,,17.4,14.2
3006,92,,4,19.5,23,Shorea robusta,Sal,,,,
3006,93,,4,17.5,#VALUE!,Shorea robusta,Sal,,,14,15.7
3006,94,,4,15.2,22,Shorea robusta,Sal,,,16,16.5
3006,95,,4,10,24.9,Shorea robusta,Sal,,,14.2,15.6
3006,96,,4,3.7,21.5,Shorea robusta,Sal,,,13.8,13.6
3006,97,,4,4,24.6,Shorea robusta,Sal,,,14.5,14.8
3006,98,,4,2.9,24.1,Shorea robusta,Sal,,,13.5,16.8
3006,99,,1,1.5,1,Shorea robusta,Sal,,,,
3006,100,,1,4.3,1,Shorea robusta,Sal,,,,
3006,101,,2,2,5.6,Shorea robusta,Sal,,,15.3,14.8
3006,102,,2,19.9,8,Shorea robusta,Sal,,,,
3006,103,,3,6.6,14.4,Shorea robusta,Sal,,,9.7,4.8
3006,104,,4,9.4,21.3,Shorea robusta,Sal,,,,
3006,105,,4,3.8,24.2,Shorea robusta,Sal,,,11.8,15.2
3007,1,,1,2.2,1,Shorea robusta,Sal,13.4,12.37112376,25,15.2
3007,2,,1,7.2,1,Shorea robusta,Sal,10.5,9.994859956,,
3007,3,,1,12.7,1,Lagerstroemia parviflora,Botdhairo,15.4,11.29358802,,
3007,4,,2,24.6,7.6,Shorea robusta,Sal,12.7,11.84835318,18.5,9.8
3007,5,,2,24.5,9.7,Shorea robusta,Sal,14.9,13.40498311,26,16.1
3007,6,,2,23.2,7.5,Shorea robusta,Sal,12.2,11.45699134,21.3,14
3007,7,,2,21.4,8.3,Shorea robusta,Sal,21.2,16.84096591,33.8,16.7
3007,8,,3,18.3,10.6,Cassia fistula,Rajbrikhsa,10.4,8.127303091,14.6,10.9
3007,9,,3,18.1,10.6,Shorea robusta,Sal,13.6,12.51547603,20.8,18
3007,10,,3,16.5,10.1,Shorea robusta,Sal,4.4,4.543819226,,
3007,11,,2,15.3,10.4,Shorea robusta,Sal,22.3,17.33385076,31.1,19.3
3007,12,,2,14.1,7.5,Shorea robusta,Sal,15.7,13.91456852,27.3,16
3007,13,,2,17.1,5.1,Adina cordifolia,Karma,4.1,4.153086647,,
3007,14,,2,12.2,6.5,Shorea robusta,Sal,13.3,12.29813765,22.5,15.5
3007,15,,2,13,6.5,Adina cordifolia,Karma,2.5,2.191467639,,
3007,16,,2,11.8,6.2,Syzygium cumini,Jamun,3.1,3.044448793,,
3007,17,,2,11.2,7.6,Shorea robusta,Sal,3.2,3.161825569,,
3007,18,,2,12.3,9.9,Adina cordifolia,Karma,2.6,2.346989533,,
3007,19,,2,8.9,9.8,Shorea robusta,Sal,5.1,5.18451517,,
3007,20,,2,10.3,8,Terminalia alata ,Saj,5,4.940004154,,
3007,21,,2,9.8,6.4,Shorea robusta,Sal,8.8,7.551870046,10.3,2.5
3007,22,,2,7.9,5.5,Adina cordifolia,Karma,9.1,7.314570532,10,4.9
3007,23,,2,6.6,9.8,Casearia graveolens,Barkaule,6.8,6.159273234,,
3007,24,,2,6.9,9.2,Shorea robusta,Sal,5,5.098577709,,
3007,25,,2,5.1,10.3,Casearia graveolens,Barkaule,7,6.274217514,,
3007,26,,2,5.1,9.9,Shorea robusta,Sal,5.3,5.351447289,9.6,4.9
3007,27,,2,5.1,9.3,Shorea robusta,Sal,7.7,6.972383861,10.1,2.5
3007,28,,2,1.9,7,Cassia fistula,Rajbrikhsa,10,7.810960585,15.5,11.6
3007,29,,3,0,10.9,Shorea robusta,Sal,15,13.47015794,,
3007,30,,3,2.8,10.8,Shorea robusta,Sal,17.1,14.74684492,24.7,13.3
3007,31,,3,4,14.6,Shorea robusta,Sal,12.8,11.92477397,15.5,
3007,32,,3,4.2,11.2,Shorea robusta,Sal,12.9,12.00060003,20.5,13.9
3007,33,,3,5.5,10.9,Lagerstroemia parviflora,Botdhairo,10.3,8.049373016,,
3007,34,,3,6.2,12.5,Shorea robusta,Sal,9.8,8.018954839,11.1,9.1
3007,35,,3,8.5,11.2,Shorea robusta,Sal,10.9,10.35914911,,
3007,36,,3,9.6,10.6,Adina cordifolia,Karma,4,4.05517303,,
3007,37,,3,11.1,11.5,Shorea robusta,Sal,12.7,11.84835318,14.6,9.6
3007,38,,3,13.5,11.4,Sapium insigne,Khirro,6,5.662963823,8,1.5
3007,39,,3,14.4,13,Shorea robusta,Sal,7.6,6.915654949,11.2,9.8
3007,40,,3,15.3,14,Shorea robusta,Sal,8.3,7.298014058,,
3007,41,,3,17.1,14.1,Shorea robusta,Sal,5.4,5.432565539,,
3007,42,,3,17.5,13.1,Shorea robusta,Sal,10,9.519468112,11.7,10.4
3007,43,,3,21.2,14,Shorea robusta,Sal,7.6,6.915654949,,
3007,44,,3,20.1,12.7,Cleistocalyx operculatus ,Kyamuna,11.7,9.077305721,14.2,9.8
3007,45,,3,20.2,12,Shorea robusta,Sal,10.4,9.901619053,12.8,11.9
3007,46,,3,23.6,13.2,Shorea robusta,Sal,16.2,14.22003554,23,9.3
3007,47,,4,20.5,22,Shorea robusta,Sal,11.7,11.04924984,15.4,11.9
3007,48,,4,15.6,20.8,Shorea robusta,Sal,14.8,13.3393694,19,12.3
3007,49,,4,15.4,20.4,Shorea robusta,Sal,10.9,10.35914911,18.4,14.8
3007,50,,4,16,22.8,Shorea robusta,Sal,13.1,12.15050453,17.6,12.6
3007,51,,4,11.9,24.9,Shorea robusta,Sal,11.3,10.71030784,22.7,18.4
3007,52,,4,13,25.2,Shorea robusta,Sal,12.2,11.45699134,20.5,16.2
3007,53,,4,10.6,20.2,Shorea robusta,Sal,14.3,13.00450483,22.4,16.1
3007,54,,4,8.6,20.9,Shorea robusta,Sal,11.8,11.13217459,20.5,16.9
3007,55,,4,8.2,25.2,Shorea robusta,Sal,12.7,11.84835318,20.5,17.8
3007,56,,4,9.2,24.8,Shorea robusta,Sal,10,9.519468112,,
3007,57,,4,6.7,24.6,Shorea robusta,Sal,11.5,10.88125257,12.2,8.7
3007,58,,4,4.5,25.4,Shorea robusta,Sal,13.9,12.7280721,18.9,13.1
3007,59,,4,2.4,25.1,Shorea robusta,Sal,12.8,11.92477397,19.5,13.6
3007,60,,3,3,12.6,Shorea robusta,Sal,,,10.5,7.1
3007,61,,4,9.1,24.9,Shorea robusta,Sal,,,11.5,
3007,62,,4,9.2,25,Shorea robusta,Sal,,,12.2,10.7
3007,63,,4,18,21.3,Shorea robusta,Sal,,,15.4,11.5
3007,64,,2,5.1,10.2,Shorea robusta,Sal,,,,
3007,65,,1,14,1,Shorea robusta,Sal,,,,
3007,66,,1,24.3,1,Sapium insigne,Khirro,,,16.5,9.5
3007,67,,4,14.3,23.4,Shorea robusta,Sal,,,,
3007,68,,4,3.8,24,Shorea robusta,Sal,,,,
3007,69,,4,9,24.8,Cassia fistula,Rajbrikhsa,,,12,10.6
3007,70,,4,9.1,24.9,Shorea robusta,Sal,,,11.3,6.9
3007,71,,4,9.2,25,Shorea robusta,Sal,,,10.7,6.7
3008,1,,1,7.5,1,Dalbergia sissoo,Sissoo,11.7,9.077305721,,
3008,2,,1,7.1,1,Dalbergia sissoo,Sissoo,16.3,11.75170041,28.5,22.4
3008,3,,1,10.4,1,Dalbergia sissoo,Sissoo,11,8.579703902,16,14.3
3008,4,,2,5.5,8.7,Dalbergia sissoo,Sissoo,6.5,5.980357172,13,10.5
3008,5,,2,13.2,5.9,Dalbergia sissoo,Sissoo,14.4,10.75206255,,
3008,6,,2,15.1,7.9,Dalbergia sissoo,Sissoo,16,11.60186886,21.4,14.6
3008,7,,2,17.3,6.4,Dalbergia sissoo,Sissoo,11.5,8.938238483,16.7,16.7
3008,8,,2,17.1,9.4,Dalbergia sissoo,Sissoo,8.3,6.949687993,,
3008,9,,2,12.7,6.6,Dalbergia sissoo,Sissoo,14,10.5248447,,
3008,10,,2,22,6,Dalbergia sissoo,Sissoo,14.5,10.80788076,17.5,15.4
3008,11,,3,8.9,13.1,Dalbergia sissoo,Sissoo,13.2,10.05025488,19.8,19.8
3008,12,,3,18.5,13.5,Dalbergia sissoo,Sissoo,15.4,11.29358802,24.2,14.2
3008,13,,3,20.4,11.3,Dalbergia sissoo,Sissoo,12.1,9.348447219,,
3008,14,,4,9.5,24.5,Dalbergia sissoo,Sissoo,15.5,11.34579338,20.8,20.1
3008,15,,4,11.3,23.2,Dalbergia sissoo,Sissoo,14.4,10.75206255,17.8,13.9
3008,16,,4,19.1,22.7,Dalbergia sissoo,Sissoo,12.2,9.414831956,,
3008,17,,3,6.5,12.5,Dalbergia sissoo,Sissoo,,,13.7,12
3008,18,,3,9,13,Sapium insigne,Khirro,,,,
3008,19,,1,12.5,1,Bombax ceiba,Simal,,,14.5,10.8
3008,20,,2,24.9,5.7,Dalbergia sissoo,Sissoo,,,18.8,17.4
3008,21,,4,9.1,21.2,Dalbergia sissoo,Sissoo,,,12.5,9.6
3009,1,,1,4.2,1,Shorea robusta,Sal,13.2,12.2246007,,
3009,2,,1,8.8,1,Shorea robusta,Sal,12.3,11.53653137,16,11.5
3009,3,,1,11.8,1,Shorea robusta,Sal,14.5,13.13983478,18.6,9.9
3009,4,,1,23.5,1,Shorea robusta,Sal,14,12.797919,19.2,10.8
3009,5,,1,22,1,Shorea robusta,Sal,10.5,9.994859956,17,8.1
3009,6,,2,24.4,5.8,Shorea robusta,Sal,10.8,10.26934571,23,15.6
3009,7,,2,23.6,8.8,Shorea robusta,Sal,11.8,11.13217459,13.5,8.4
3009,8,,2,20.1,6.5,Shorea robusta,Sal,15,13.47015794,17.2,8.5
3009,9,,2,17.2,6.8,Shorea robusta,Sal,8,7.138252458,14.3,8.4
3009,10,,2,17.7,9.9,Shorea robusta,Sal,7,6.558766274,,
3009,11,,2,16,8.3,Shorea robusta,Sal,9.3,7.791693492,13.8,10.4
3009,12,,2,15,8,Lagerstroemia parviflora,Botdhairo,4.3,4.34194615,,
3009,13,,2,14.5,6,Shorea robusta,Sal,7.5,6.858174638,8.8,5.7
3009,16,16a,2,10.9,9.1,Schleichera trijuga/oleosa,Kusum,2.8,2.640849875,,
3009,17,16b,2,10.9,9.1,Shorea robusta,Sal,2,1.122150819,,
3009,18,,2,9.9,8.1,Shorea robusta,Sal,5,5.098577709,,
3009,19,,2,5.2,10.1,Shorea robusta,Sal,9.2,7.74477736,20,12.1
3009,20,,2,6,8,Shorea robusta,Sal,7.5,6.858174638,10.1,8.3
3009,21,,2,6.5,5.8,Shorea robusta,Sal,5.2,5.268783837,,
3009,22,,2,7,8.3,Shorea robusta,Sal,10.3,9.807477258,13.3,10.6
3009,23,,2,8.4,6.2,Shorea robusta,Sal,7.5,6.858174638,12.6,12.4
3009,24,,2,9,5.9,Shorea robusta,Sal,9.3,7.791693492,14,11.9
3009,25,,2,4,6.4,Shorea robusta,Sal,19.2,15.87546379,29.1,14.9
3009,26,,2,0.3,6.3,Shorea robusta,Sal,10.5,9.994859956,14.4,10.4
3009,27,,2,4.9,10.45,Shorea robusta,Sal,62,27.29714659,,
3009,28,,3,2.6,10.8,Shorea robusta,Sal,12.4,11.61542735,,
3009,29,,3,1.3,10.8,Shorea robusta,Sal,18,15.24662626,,
3009,30,,3,3.2,14.6,Shorea robusta,Sal,15.2,13.59921413,20.5,15.3
3009,31,,3,5.7,12.6,Shorea robusta,Sal,8.4,7.349987134,13.2,11.2
3009,32,,3,7.5,10.2,Shorea robusta,Sal,8.7,7.502272934,16.2,12.2
3009,33,,3,9.8,12.6,Casearia illiptica/elliptica,Putali kath,4.8,4.778132699,,
3009,34,,3,11.4,11.4,Shorea robusta,Sal,8.7,7.502272934,,
3009,35,,3,12.9,11.6,Shorea robusta,Sal,4.7,4.830057019,,
3009,36,,3,12.1,10.2,Casearia graveolens,Barkaule,4,4.05517303,,
3009,37,,3,13.8,10.1,Shorea robusta,Sal,11.6,10.96561327,22.1,13.6
3009,38,,3,14.9,10.5,Shorea robusta,Sal,7.5,6.858174638,,
3009,39,,3,14.9,13.3,Shorea robusta,Sal,4.4,4.543819226,,
3009,40,,3,15.2,14.1,Shorea robusta,Sal,6.8,6.43296906,,
3009,41,,3,15,15.6,Shorea robusta,Sal,7.5,6.858174638,12.6,6.4
3009,42,,3,13.4,15.1,Shorea robusta,Sal,8.2,7.245410989,,
3009,43,,3,13.2,14.6,Shorea robusta,Sal,6.8,6.43296906,,
3009,44,,3,12.9,14.9,Shorea robusta,Sal,11.9,11.21439956,18.8,14.3
3009,45,,3,17.2,12.8,Shorea robusta,Sal,10.4,9.901619053,13.1,12.5
3009,46,,3,19.2,14.5,Shorea robusta,Sal,10.2,9.712416991,,
3009,47,,2,17.2,10.6,Shorea robusta,Sal,7.3,6.740878309,11.2,8.1
3009,48,,3,21,12.9,Shorea robusta,Sal,15,13.47015794,21.8,16.6
3009,49,,3,20.9,11.1,Shorea robusta,Sal,14.2,12.93612841,,
3009,50,,3,24.2,10.9,Shorea robusta,Sal,10.2,9.712416991,13.2,9.4
3009,51,,4,23.3,21.6,Shorea robusta,Sal,10,9.519468112,,
3009,52,,4,20.4,22.8,Shorea robusta,Sal,23,17.63500144,28.8,18.4
3009,53,,4,20.7,24.9,Shorea robusta,Sal,13.4,12.37112376,,
3009,54,,4,20.2,25.7,Shorea robusta,Sal,16.6,14.4576961,23.7,18.6
3009,55,,4,15.2,22.5,Shorea robusta,Sal,18.3,15.40768117,27.5,19.9
3009,56,,4,9.7,24.2,Shorea robusta,Sal,24,18.0496853,30,18.6
3009,57,,4,7.5,23.2,Shorea robusta,Sal,13.6,12.51547603,19.5,15.6
3009,58,,4,8.4,21,Shorea robusta,Sal,16.5,14.39882221,,
3009,59,,4,3.6,22.9,Shorea robusta,Sal,20.5,16.51381192,29.1,17.6
3009,60,,4,0.4,23.2,Shorea robusta,Sal,18,15.24662626,23.6,16.1
3009,61,,1,15,1,Cassia fistula,Rajbrikhsa,,,19.5,11.5
3009,62,,1,15,1,Cassia fistula,Rajbrikhsa,,,,
3009,63,,1,18.4,1,Shorea robusta,Sal,,,20.7,13.6
3009,64,,2,15,9.8,Mallotus philippensis ,Sindhure,,,,
3009,65,65a,2,14.9,9,Mallotus philippensis ,Sindhure,,,,
3009,66,65b,2,14.9,9,Mallotus philippensis ,Sindhure,,,,
3009,67,,2,13.5,8.4,Shorea robusta,Sal,,,,
3009,68,,2,9.2,6.5,Lagerstroemia parviflora,Botdhairo,,,6.3,3.7
3009,69,,2,7.5,9.4,Shorea robusta,Sal,,,,
3009,70,,2,1,10.6,Shorea robusta,Sal,,,,
3009,71,,3,7.9,14.4,Careya arborea,Kumbhi,,,,
3009,72,,3,10.3,12.7,Lagerstroemia parviflora,Botdhairo,,,,
3009,73,,4,13,22.5,Shorea robusta,Sal,,,,
3009,74,,4,16.4,25,Shorea robusta,Sal,,,11,10
3009,75,,4,5.5,23.2,Shorea robusta,Sal,,,15.5,12.3
3009,76,,4,1.5,21.8,Shorea robusta,Sal,,,11.1,7.9
3009,77,,1,9.5,1,Shorea robusta,Sal,,,13.5,10.3
3009,78,,1,9.5,1,Shorea robusta,Sal,,,12.2,6.4
3009,79,,1,19,1,Mallotus philippensis ,Sindhure,,,13.9,7.5
3010,1,,1,1.2,1,Dalbergia sissoo,Sissoo,14.7,10.91837153,34.8,24.1
3010,2,,1,14.2,1,Dalbergia sissoo,Sissoo,16.8,11.99539568,36.2,26.6
3010,3,,1,18.4,1,Dalbergia sissoo,Sissoo,13.8,10.40878946,,
3010,4,,1,23.7,1,Dalbergia sissoo,Sissoo,17.7,12.41631031,,
3010,5,,2,23.2,5.1,Dalbergia sissoo,Sissoo,11.7,9.077305721,20.8,16.8
3010,6,,3,18.7,11.3,Dalbergia sissoo,Sissoo,14.8,10.97305445,,
3010,7,,3,13.9,14.5,Dalbergia sissoo,Sissoo,9.9,7.648688072,20.9,18.6
3010,8,,3,9.8,14.9,Dalbergia sissoo,Sissoo,9,7.270754617,,
3010,9,,3,8.2,12.2,Dalbergia sissoo,Sissoo,19,12.98796147,34.1,21.8
3010,10,,4,11.6,22.3,Dalbergia sissoo,Sissoo,13.4,10.17154589,19.3,17.5
3010,11,,4,14,24,Dalbergia sissoo,Sissoo,13.1,9.988918465,22.5,20.6
3010,12,,4,16.2,21.3,Dalbergia sissoo,Sissoo,14.5,10.80788076,24.2,23.7
3010,13,13a,4,22.2,21.8,Dalbergia sissoo,Sissoo,17.5,12.32465365,28.5,18.5
3010,14,13b,4,22.2,21.8,Dalbergia sissoo,Sissoo,11,8.579703902,,
3010,15,,4,21,24.3,Dalbergia sissoo,Sissoo,17.5,12.32465365,,
3010,16,,4,23.9,23.9,Dalbergia sissoo,Sissoo,17.5,12.32465365,,
3010,17,,4,11.6,24.7,Dalbergia sissoo,Sissoo,,,21,21.8
3011,1,,1,9,1,Shorea robusta,Sal,43.8,23.91124006,52.7,20.2
3011,2,,1,13.9,1,Shorea robusta,Sal,15,13.47015794,23.7,16.2
3011,3,,1,16.3,1,Shorea robusta,Sal,14.5,13.13983478,,
3011,4,,1,21.6,1,Shorea robusta,Sal,18.4,15.46077994,28.2,16
3011,5,,2,23.5,5.5,Shorea robusta,Sal,13.7,12.58685804,,
3011,6,,2,24.7,7.2,Shorea robusta,Sal,12.5,11.69368962,17.3,6.9
3011,7,,2,24.4,9,Shorea robusta,Sal,10,9.519468112,17,12
3011,8,,2,21.8,10.15,Shorea robusta,Sal,13,12.07584056,22.2,15.6
3011,9,,2,18,8.2,Shorea robusta,Sal,13.8,12.65772089,,
3011,10,,2,15.9,10.15,Shorea robusta,Sal,4.5,4.641344679,11,10.3
3011,11,,2,16.6,5.7,Shorea robusta,Sal,5.5,5.512195296,10.3,6.7
3011,12,,2,15,6.5,Shorea robusta,Sal,43.5,23.84427348,46.8,16
3011,13,,2,13.8,9,Lagerstroemia parviflora,Botdhairo,2.4,2.029596184,4.5,1.5
3011,14,,2,12.1,7,Shorea robusta,Sal,8.8,7.551870046,16.5,11.9
3011,15,,2,11.9,5.8,Shorea robusta,Sal,8,7.138252458,11.5,9
3011,17,,2,12.2,9.25,Shorea robusta,Sal,2.5,2.090526889,,
3011,18,,2,12.3,9.45,Lagerstroemia parviflora,Botdhairo,2.6,2.346989533,8.8,5.1
3011,19,,2,12.3,9.65,Shorea robusta,Sal,2.7,2.424514719,,
3011,20,,2,1.8,6.9,Shorea robusta,Sal,10.3,9.807477258,20,15.1
3011,21,,3,1.7,13.5,Shorea robusta,Sal,18.6,15.56611718,26.3,16.4
3011,22,,3,4.5,13.3,Shorea robusta,Sal,10.5,9.994859956,17,13.3
3011,23,,3,6.4,10.7,Shorea robusta,Sal,62.5,27.37540886,68.8,25.4
3011,24,,3,13.9,11.7,Shorea robusta,Sal,9.6,7.929473318,,
3011,25,,3,14.3,10.8,Shorea robusta,Sal,45.5,24.28226182,,
3011,26,,3,4.7,11.1,Shorea robusta,Sal,10,9.519468112,13.3,10.1
3011,27,,3,17.7,10.8,Shorea robusta,Sal,4.7,4.830057019,,
3011,28,,3,19.8,12.2,Shorea robusta,Sal,8,7.138252458,14,12.6
3011,29,,3,20.2,10.6,Shorea robusta,Sal,15.8,13.97643285,,
3011,30,,3,23.6,10.3,Shorea robusta,Sal,15.5,13.78964886,23.9,16.1
3011,31,,3,15.9,15.2,Shorea robusta,Sal,8.3,7.298014058,,
3011,32,,3,15.3,15.4,Shorea robusta,Sal,8.3,7.298014058,19,13.1
3011,33,,4,20,21.6,Shorea robusta,Sal,15.7,13.91456852,,
3011,34,,4,24.6,22.5,Shorea robusta,Sal,12,11.29593643,24,16.4
3011,35,,4,15.1,23.8,Shorea robusta,Sal,10.1,9.616420156,,
3011,36,,4,11.8,24.4,Shorea robusta,Sal,15.1,13.53489971,21.5,15.9
3011,37,,4,10.7,22,Cleistocalyx operculatus ,Kyamuna,16,11.60186886,22.6,8.2
3011,38,,4,11.5,21.2,Shorea robusta,Sal,10.3,9.807477258,16.5,9.1
3011,39,,4,1.6,24.7,Shorea robusta,Sal,15.9,14.03790687,,
3011,40,,2,8,6.8,Shorea robusta,Sal,9.7,7.974444705,14.5,12.5
3011,41,,2,11.5,6.8,Shorea robusta,Sal,9.2,7.74477736,15.2,13.4
3011,42,,2,18,6,Shorea robusta,Sal,16.5,14.39882221,21.8,13.7
3011,43,,1,2.2,1,Shorea robusta,Sal,,,18.3,13.6
3011,44,,1,6,1,Shorea robusta,Sal,,,13.3,9.8
3011,45,,1,9,1,Shorea robusta,Sal,,,16.5,10.5
3011,46,,1,23.3,1,Shorea robusta,Sal,,,14.1,11.4
3011,47,,2,19.3,5.5,Shorea robusta,Sal,,,,
3011,48,,2,14,5.5,Shorea robusta,Sal,,,,
3011,49,,2,10.9,6.5,Casearia graveolens,Barkaule,,,3,1.7
3011,50,,3,11,12,Shorea robusta,Sal,,,,
3011,51,,3,13,14.4,Shorea robusta,Sal,,,8.6,6.8
3011,52,,4,16.5,20.9,Shorea robusta,Sal,,,14.4,7.8
3011,53,,4,19,21.5,Shorea robusta,Sal,,,,
3011,54,,4,16,22.5,Shorea robusta,Sal,,,,
3011,55,,4,0.2,24.8,Shorea robusta,Sal,,,15,11.2
3011,56,,1,18,1,Shorea robusta,Sal,,,19.5,12.9
3011,57,,1,24.7,1,Shorea robusta,Sal,,,13.7,12.3
3011,58,,3,11,12.3,Shorea robusta,Sal,,,,
3011,59,,2,14,9.5,Artocarpus lacucha,Badahar,,,,
3011,60,,2,9.8,9.5,Shorea robusta,Sal,,,,
3011,61,,3,14,14.8,Shorea robusta,Sal,,,,
3012,1,,1,1.1,1,Dalbergia sissoo,Sissoo,26,15.51782925,,
3012,2,,1,11.4,1,Acacia catechu,Khayer,12.7,9.738799199,,
3012,3,,2,0.9,6.3,Dalbergia sissoo,Sissoo,25.3,15.29769901,,
3012,4,,2,0.9,9.4,Dalbergia sissoo,Sissoo,16.5,11.85006382,,
3012,5,5a,2,10.8,8.5,Psidium guava,Amba,7.8,6.703316841,,
3012,6,5b,2,10.8,8.5,Psidium guava,Amba,5.1,5.018527512,,
3012,7,5c,2,10.8,8.5,Psidium guava,Amba,4.2,4.248640668,,
3012,8,5d,2,10.8,8.5,Psidium guava,Amba,5.8,5.528534,,
3012,9,,2,12.1,8.9,Psidium guava,Amba,5.6,5.38938639,,
3012,10,,2,19.8,10,Acacia catechu,Khayer,21.6,14.02242247,,
3012,11,,3,1.2,12,Dalbergia sissoo,Sissoo,21,13.79520463,,
3012,12,,3,5.1,10.7,Cleistocalyx operculatus ,Kyamuna,12.2,9.414831956,,
3012,13,13a,3,11.1,12.2,Psidium guava,Amba,4,4.05517303,,
3012,14,13b,3,11.1,12.2,Psidium guava,Amba,4.9,4.859894359,,
3012,15,13c,3,11.1,12.2,Psidium guava,Amba,4.9,4.859894359,,
3012,16,13d,3,11.1,12.2,Psidium guava,Amba,5,4.940004154,,
3012,17,13e,3,11.1,12.2,Psidium guava,Amba,4.4,4.433106486,,
3012,18,,4,0.2,20.5,Cleistocalyx operculatus ,Kyamuna,8.9,7.226449128,,
3012,19,,4,2.3,21.9,Dalbergia sissoo,Sissoo,28,16.11556192,,
3012,20,,4,13.5,21.3,Acacia auriculiformis,SimalKhair,12.1,9.348447219,,
3013,1,,1,1.2,1,Sapium insigne,Khirro,12,9.281511565,,
3013,2,,1,2.3,1,Dalbergia sissoo,Sissoo,12.5,9.610769526,,
3013,3,,1,5.3,1,Dalbergia sissoo,Sissoo,14,10.5248447,,
3013,4,,1,6.4,1,Dalbergia sissoo,Sissoo,12,9.281511565,,
3013,5,,1,6.9,1,Dalbergia sissoo,Sissoo,10,7.810960585,,
3013,6,,1,11.7,1,Dalbergia sissoo,Sissoo,12.5,9.610769526,,
3013,7,,1,12.9,1,Dalbergia sissoo,Sissoo,19.4,13.15600297,,
3013,8,,1,15.1,1,Sapium insigne,Khirro,13.1,9.988918465,,
3013,9,,1,17.55,1,Dalbergia sissoo,Sissoo,16.8,11.99539568,,
3013,10,,1,21.2,1,Dalbergia sissoo,Sissoo,16.9,12.04326348,,
3013,11,,1,22.7,1,Dalbergia sissoo,Sissoo,17.9,12.50693711,,
3013,12,,1,24.5,1,Dalbergia sissoo,Sissoo,14.5,10.80788076,,
3013,13,,2,24.35,6.85,Dalbergia sissoo,Sissoo,11.5,8.938238483,,
3013,14,,2,21.9,9.6,Dalbergia sissoo,Sissoo,19.7,13.27977573,,
3013,15,,2,18.7,7.7,Dalbergia sissoo,Sissoo,19.5,13.19747195,,
3013,16,,2,11.3,9.4,Dalbergia sissoo,Sissoo,12,9.281511565,,
3013,17,,2,10.1,7.45,Dalbergia sissoo,Sissoo,20.3,13.52176488,,
3013,18,,2,8.8,5.25,Dalbergia sissoo,Sissoo,17,12.09084887,,
3013,19,,2,7.6,9,Dalbergia sissoo,Sissoo,7.3,6.440618153,,
3013,20,,2,7.2,7,Dalbergia sissoo,Sissoo,12.6,9.675038392,,
3013,21,,2,6.2,9.9,Dalbergia sissoo,Sissoo,11.7,9.077305721,,
3013,22,,2,5.3,8.3,Dalbergia sissoo,Sissoo,15.6,11.39766301,,
3013,23,,2,4.9,6.4,Sapium insigne,Khirro,12.7,9.738799199,,
3013,24,,2,3.4,6.35,Dalbergia sissoo,Sissoo,19.5,13.19747195,,
3013,25,,2,2.4,10,Sapium insigne,Khirro,10.4,8.127303091,,
3013,26,,3,1.2,14.8,Sapium insigne,Khirro,6.5,5.980357172,,
3013,27,,3,1.5,13.9,Sapium insigne,Khirro,12.1,9.348447219,,
3013,28,,3,2.2,14.8,Sapium insigne,Khirro,17.3,12.23194343,,
3013,29,,3,9.7,11,Dalbergia sissoo,Sissoo,14,10.5248447,,
3013,30,,3,11.9,11.45,Dalbergia sissoo,Sissoo,22.4,14.31575298,,
3013,31,,3,13.1,13.3,Dalbergia sissoo,Sissoo,8.4,6.997177183,,
3013,32,,3,17.2,13.8,Dalbergia sissoo,Sissoo,11.2,8.725035762,,
3013,33,,3,19.9,10.8,Dalbergia sissoo,Sissoo,12.9,9.864828325,,
3013,34,34a,3,20.9,12.1,Sapium insigne,Khirro,10.5,8.204487412,,
3013,35,34b,3,20.9,12.1,Sapium insigne,Khirro,12,9.281511565,,
3013,36,,3,23.5,13,Dalbergia sissoo,Sissoo,11.6,9.00807182,,
3013,37,,4,23.7,20.9,Dalbergia sissoo,Sissoo,18.9,12.94539831,,
3013,38,,4,24.2,23.4,Dalbergia sissoo,Sissoo,15.1,11.1349134,,
3013,39,,4,21,21.8,Dalbergia sissoo,Sissoo,11.9,9.214015774,,
3013,40,,4,21,23.9,Sapium insigne,Khirro,11.2,8.725035762,,
3013,41,,4,19.6,23.9,Dalbergia sissoo,Sissoo,17,12.09084887,,
3013,42,,4,18.2,21.3,Dalbergia sissoo,Sissoo,15.4,11.29358802,,
3013,43,,4,16,25,Dalbergia sissoo,Sissoo,11.4,8.867795241,,
3013,44,,4,14.4,20.6,Dalbergia sissoo,Sissoo,16.5,11.85006382,,
3013,45,,4,6.5,24.1,Sapium insigne,Khirro,15.2,11.18815253,,
3014,1,,2,21.1,8.6,Sapium insigne,Khirro,11.3,8.796731345,,
3014,2,,2,19.6,8.5,Sapium insigne,Khirro,8.5,7.044104358,15,11
3014,3,,2,19.4,8.5,Sapium insigne,Khirro,8.3,6.949687993,,
3014,4,4a,2,15.3,7.7,Sapium insigne,Khirro,4.1,4.153086647,,
3014,5,4b,2,15.3,7.7,Sapium insigne,Khirro,9.4,7.443186131,17.5,10.9
3014,6,4c,2,15.3,7.7,Sapium insigne,Khirro,7,6.274217514,,
3014,7,,2,14.1,7.6,Sapium insigne,Khirro,7.8,6.703316841,,
3014,8,8a,2,12.45,5,Sapium insigne,Khirro,7.3,6.440618153,,
3014,9,8b,2,12.45,5,Sapium insigne,Khirro,8.7,7.136324794,,
3014,10,8c,2,12.45,5,Sapium insigne,Khirro,7.2,6.385923492,,
3014,11,,2,12,8.2,Sapium insigne,Khirro,8,6.803709545,,
3014,12,,2,11.6,9,Sapium insigne,Khirro,8.7,7.136324794,14,10.8
3014,13,,3,1.5,13.5,Sapium insigne,Khirro,10,7.810960585,,
3014,14,,3,3,10.1,Sapium insigne,Khirro,10.5,8.204487412,,
3014,15,,3,5.1,13,Cassia fistula,Rajbrikhsa,7.9,6.7538309,12.2,11.5
3014,16,,3,5.3,11.15,Sapium insigne,Khirro,9.2,7.357907575,13.9,10
3014,17,,3,8.3,12.1,Sapium insigne,Khirro,8.7,7.136324794,13.5,10.5
3014,18,,3,8.9,11.5,Sapium insigne,Khirro,9.7,7.567760774,16.2,13.7
3014,19,19a,3,9.9,12.7,Sapium insigne,Khirro,9.7,7.567760774,,
3014,20,19b,3,9.9,12.7,Sapium insigne,Khirro,7.6,6.600316245,,
3014,21,19c,3,9.9,12.7,Sapium insigne,Khirro,6.8,6.159273234,13.5,11.7
3014,22,22a,3,16.7,11.7,Sapium insigne,Khirro,8.8,7.181643001,,
3014,23,22b,3,16.7,11.7,Sapium insigne,Khirro,8,6.803709545,14.7,10.7
3014,24,,4,22.3,24.7,Cassia fistula,Rajbrikhsa,13,9.927112032,27.5,20.1
3014,25,,4,5,21.25,Sapium insigne,Khirro,10.3,8.049373016,17.6,13.9
3014,26,,1,6.6,1,Sapium insigne,Khirro,,,14.4,11.2
3014,27,,1,22.4,1,Sapium insigne,Khirro,,,16.7,10.9
3014,28,,2,2.7,5.1,Sapium insigne,Khirro,,,,
3014,29,,3,2,12,Sapium insigne,Khirro,,,,
3014,30,,4,8.4,23.5,Dalbergia sissoo,Sissoo,,,25.6,16.7
3014,31,,4,19,22.2,Sapium insigne,Khirro,,,15.1,10.9
3014,32,,1,4,1,Sapium insigne,Khirro,,,14.8,9.2
3014,33,,1,11.6,1,Sapium insigne,Khirro,,,13,7.6
3014,34,,1,14.4,1,Ceiba pentandra,Kapok,,,22,14
3014,35,,1,19.8,1,Sapium insigne,Khirro,,,12,8.9
3014,36,,1,25,1,Sapium insigne,Khirro,,,13.1,10.8
3014,37,,2,10.1,6.6,Ceiba pentandra,Kapok,,,6.7,3.2
3014,38,,2,4,9.1,Sapium insigne,Khirro,,,13.3,10.6
3014,39,,2,4.2,9.1,Sapium insigne,Khirro,,,15.9,10.9
3014,40,,2,1.5,7.4,Sapium insigne,Khirro,,,14.1,10.5
3014,41,,3,1,11.5,Sapium insigne,Khirro,,,13.2,11.1
3014,42,,4,19.7,20,Ceiba pentandra,Kapok,,,15.3,12.7
3014,43,,4,23.5,22.3,Sapium insigne,Khirro,,,14,11.6
3014,44,,4,20,22.7,Sapium insigne,Khirro,,,13.9,10.3
3014,45,,4,14.3,20.8,Sapium insigne,Khirro,,,13.6,9.3
3014,46,,4,14,24.4,Dalbergia sissoo,Sissoo,,,11,11.6
3014,47,,4,5,21.3,Sapium insigne,Khirro,,,10.5,8.8
3014,48,,4,1.5,20.2,Sapium insigne,Khirro,,,14.7,12.6
3014,49,,4,1.3,20.7,Sapium insigne,Khirro,,,13.6,12.1
3014,50,,3,2.5,20.7,Sapium insigne,Khirro,,,10.7,11.1
3015,1,,1,4.5,1,Cleistocalyx operculatus ,Kyamuna,14.5,10.80788076,22.9,14.4
3015,2,,1,10.3,1,Shorea robusta,Sal,10.5,9.994859956,15.7,13.5
3015,3,,1,16,1,Shorea robusta,Sal,10.8,10.26934571,15.2,10.9
3015,4,,1,19.5,1,Shorea robusta,Sal,46.4,24.47311101,49.5,14.5
3015,5,,2,5.8,5.6,Terminalia alata ,Saj,7,6.274217514,,
3015,6,,2,7.5,6.6,Cleistocalyx operculatus ,Kyamuna,7.2,6.385923492,15.6,9.4
3015,7,,2,7.6,5.3,Casearia graveolens,Barkaule,6.2,5.792985308,,
3015,8,,2,8.8,5.8,Shorea robusta,Sal,7.8,7.028380767,14.3,12
3015,9,,2,8.7,5.7,Casearia graveolens,Barkaule,5.5,5.31793761,7.2,3.2
3015,10,,2,8.9,8.5,Buchannaia latifolia ,Sani/Piyari Bhalayo,8.6,7.090482665,,
3015,11,11a,2,10.9,7.2,Sapium insigne,Khirro,6.7,6.100526974,,
3015,12,11b,2,10.9,7.2,Sapium insigne,Khirro,5,4.940004154,11,8.1
3015,14,,2,11.8,6.5,Shorea robusta,Sal,4.7,4.830057019,11.5,8.1
3015,15,,2,12.2,6.2,Terminalia alata ,Saj,4,4.05517303,,
3015,16,,2,12.8,6.1,Syzygium cumini,Jamun,7.5,6.547794947,,
3015,17,,2,13.8,7.8,Shorea robusta,Sal,4.1,4.23736017,,
3015,18,,2,14.1,7.6,Cleistocalyx operculatus ,Kyamuna,11.5,8.938238483,18.7,13
3015,19,19a,2,14.1,7.6,Acacia pennata,Angeri,3.5,3.525680999,,
3015,20,19b,2,14.1,7,Acacia pennata,Angeri,3.7,3.74603213,,
3015,22,,2,14.8,6.3,Shorea robusta,Sal,3.1,3.024045743,,
3015,23,,2,14.2,5.4,Lagerstroemia parviflora,Botdhairo,4,4.05517303,,
3015,24,,2,14.3,5.2,Acacia pennata,Angeri,2.3,1.860834545,,
3015,25,,2,15.2,6.1,Shorea robusta,Sal,3.1,3.024045743,8.5,7.7
3015,26,,2,15.1,8.7,Lagerstroemia parviflora,Botdhairo,11.6,9.00807182,17.5,12.1
3015,27,,2,19,9,Syzygium cumini,Jamun,12.3,9.480674771,18.9,10.9
3015,28,,2,19.2,5.5,Cleistocalyx operculatus ,Kyamuna,13.5,10.2315142,,
3015,29,,2,19.3,6.1,Buchannaia latifolia ,Sani/Piyari Bhalayo,4.9,4.859894359,,
3015,30,,2,19.8,7.4,Cleistocalyx operculatus ,Kyamuna,8.3,6.949687993,,
3015,31,,2,20.1,7.1,Cleistocalyx operculatus ,Kyamuna,6.6,6.040897279,9.7,6.6
3015,32,,2,21.7,9.5,Cleistocalyx operculatus ,Kyamuna,12,9.281511565,18.6,11.8
3015,33,,2,21.7,8.9,Lagerstroemia parviflora,Botdhairo,10.5,8.204487412,17.5,11.6
3015,34,,3,17.8,13.3,Casearia graveolens,Barkaule,4.6,4.60937106,,
3015,35,,3,17.7,13.4,Shorea robusta,Sal,7.4,6.799922757,14.9,13.8
3015,36,,3,17.4,13.6,Lagerstroemia parviflora,Botdhairo,4,4.05517303,,
3015,37,,3,17.9,12.3,Lagerstroemia parviflora,Botdhairo,6.1,5.728507464,,
3015,38,,3,18.5,11.7,Cleistocalyx operculatus ,Kyamuna,13.2,10.05025488,20.9,13.5
3015,39,,3,18.5,11,Lagerstroemia parviflora,Botdhairo,7.3,6.440618153,11.5,8.4
3015,40,,3,16.8,10.6,Lagerstroemia parviflora,Botdhairo,5.5,5.31793761,7.8,7.3
3015,41,,3,15.8,11.6,Lagerstroemia parviflora,Botdhairo,7.5,6.547794947,10.9,2.5
3015,42,,3,15.2,11.6,Cleistocalyx operculatus ,Kyamuna,11.5,8.938238483,,
3015,43,,3,14.2,11.2,Buchannaia latifolia ,Sani/Piyari Bhalayo,4.2,4.248640668,,
3015,44,,3,15,10.6,Lagerstroemia parviflora,Botdhairo,4.3,4.34194615,,
3015,45,,3,13.9,14.3,Buchannaia latifolia ,Sani/Piyari Bhalayo,9,7.270754617,,
3015,46,,3,13.9,13.4,Shorea robusta,Sal,4.6,4.73672654,8.4,6.6
3015,47,,3,11.5,12.5,Buchannaia latifolia ,Sani/Piyari Bhalayo,5.8,5.528534,,
3015,48,,3,10.8,12,Cleistocalyx operculatus ,Kyamuna,4,4.05517303,,
3015,49,49a,3,10,13,Lagerstroemia parviflora,Botdhairo,7.1,6.330463847,11.9,16
3015,50,49b,3,10,13,Lagerstroemia parviflora,Botdhairo,5.6,5.38938639,,
3015,51,,3,5.7,11.8,Casearia graveolens,Barkaule,8.5,7.044104358,,
3015,52,,4,8,21.5,Cleistocalyx operculatus ,Kyamuna,11,8.579703902,15.8,10.4
3015,55,,3,7.9,13.6,Lagerstroemia parviflora,Botdhairo,7,6.274217514,10.2,7.2
3015,57,,3,7.2,14.6,Terminalia alata ,Saj,5.4,5.245177771,,
3015,59,,3,5.9,14.4,Lagerstroemia parviflora,Botdhairo,7.5,6.547794947,12.8,9.8
3015,60,,3,6.3,14.1,Lagerstroemia parviflora,Botdhairo,8.7,7.136324794,,
3015,61,,3,7.7,12.3,Casearia graveolens,Barkaule,4.2,4.248640668,7,2
3015,62,,3,4.5,12,Cleistocalyx operculatus ,Kyamuna,4,4.05517303,12.8,9.6
3015,63,,4,4,21.5,Terminalia alata ,Saj,11.3,8.796731345,,
3015,64,,4,5.3,23.3,Cleistocalyx operculatus ,Kyamuna,11.3,8.796731345,,
3015,65,65a,4,8.7,24,Cleistocalyx operculatus ,Kyamuna,14.4,10.75206255,22.9,14.5
3015,66,65b,4,8.7,24,Cleistocalyx operculatus ,Kyamuna,12.6,9.675038392,18,9.6
3015,67,,4,8.3,25.3,Lagerstroemia parviflora,Botdhairo,10.8,8.431705254,13.7,9.6
3015,68,,4,13.3,22.2,Cleistocalyx operculatus ,Kyamuna,13.3,10.11112838,21,14
3015,69,,4,23,24.6,Sapium insigne,Khirro,12.4,9.545984439,21,12
3015,70,,2,11,9.5,Buchannaia latifolia ,Sani/Piyari Bhalayo,4,4.05517303,5.3,3
3015,71,,1,11.5,1,Shorea robusta,Sal,,,19.7,13.1
3015,72,,1,22.1,1,Lagerstroemia parviflora,Botdhairo,,,15.2,13.3
3015,73,,1,24.5,1,Terminalia alata ,Saj,,,13.7,5.7
3015,74,,1,17,1,Cleistocalyx operculatus ,Kyamuna,,,12,6.2
3015,75,,1,15.9,1,Cleistocalyx operculatus ,Kyamuna,,,12.3,7.3
3015,76,,1,5.1,1,Cleistocalyx operculatus ,Kyamuna,,,14.8,12.6
3015,77,,2,6.2,8,Shorea robusta,Sal,,,7.5,6
3015,78,,2,9,9.7,Cleistocalyx operculatus ,Kyamuna,,,,
3015,79,,2,10,5.2,Lagerstroemia parviflora,Botdhairo,,,,
3015,80,,2,11,7.8,Shorea robusta,Sal,,,,
3015,81,,2,13,8.8,Shorea robusta,Sal,,,,
3015,82,,2,14.8,6.6,Syzygium cumini,Jamun,,,,
3015,83,,3,12.8,10.2,Shorea robusta,Sal,,,,
3015,84,,3,12,10.1,Buchannaia latifolia ,Sani/Piyari Bhalayo,,,,
3015,85,,3,6.4,14.9,Terminalia alata ,Saj,,,,
3015,86,,4,17,20.1,Shorea robusta,Sal,,,16.5,11.8
3015,87,,4,12.5,22.1,Syzygium cumini,Jamun,,,10.8,5.1
3015,88,,4,12,24.6,Cleistocalyx operculatus ,Kyamuna,,,15.2,8.5
3015,90,,4,8.6,24.1,Lagerstroemia parviflora,Botdhairo,,,,
3015,91,,4,4.9,22.2,Terminalia alata ,Saj,,,18.4,18.7
3015,92,,2,9.9,9,Shorea robusta,Sal,,,8.3,6.6
3015,93,,1,24.9,1,Shorea robusta,Sal,,,10.2,5.2
3015,94,,3,9.8,12.8,Cleistocalyx operculatus ,Kyamuna,,,,
3015,95,,3,10.5,13.9,Shorea robusta,Sal,,,8.5,5.5
3015,96,,3,10.9,14,Lagerstroemia parviflora,Botdhairo,,,9.4,10.1
3015,97,,4,8.1,25.01,Shorea robusta,Sal,,,14.4,11
3015,98,,4,7.4,21.2,Terminalia alata ,Saj,,,15.2,13.8
3015,99,,1,17.6,1,Shorea robusta,Sal,,,10,8.7
3015,100,,2,21.3,5.2,Shorea robusta,Sal,,,10.2,3.6
3015,101,,4,23,24.1,Sapium insigne,Khirro,,,11.7,10.7
3015,102,,4,12,24.6,Shorea robusta,Sal,,,11.1,6.5
3016,1,,2,10,7.6,Syzygium cumini,Jamun,3,2.914427308,,
3016,2,,2,10.4,8.8,Shorea robusta,Sal,93,31.24783642,,
3016,3,,2,13.1,8.45,Terminalia alata ,Saj,3.5,3.525680999,,
3016,4,,2,20.4,8.5,Shorea robusta,Sal,49.7,25.14254967,,
3016,5,,2,23.1,6.8,Shorea robusta,Sal,63.2,27.48393059,,
3016,6,,3,12.4,11.3,Terminalia alata ,Saj,4,4.05517303,,
3016,7,,3,9.4,13.8,Shorea robusta,Sal,4,4.130201639,,
3016,8,,3,5.7,14.9,Terminalia alata ,Saj,4.5,4.522218101,,
3016,9,,4,18.9,21.2,Shorea robusta,Sal,48.2,24.84394816,,
3016,10,,4,22.7,21.3,Shorea robusta,Sal,45.9,24.36754551,,
3017,1,,2,1.4,5.2,Buchannaia latifolia ,Sani/Piyari Bhalayo,25.3,15.29769901,27.7,14.2
3017,2,,1,3.5,1,Shorea robusta,Sal,11.1,10.53631036,11.1,12.3
3017,3,,1,4,1,Shorea robusta,Sal,16.2,14.22003554,22.5,15.1
3017,4,,1,7.4,1,Shorea robusta,Sal,12,11.29593643,14.5,12.3
3017,5,,1,9.6,1,Shorea robusta,Sal,14.7,13.27331084,17.1,13.6
3017,6,,1,10.7,1,Myrsine sp.,Kaiyo,10.3,8.049373016,15,8.7
3017,7,,1,11.2,1,Shorea robusta,Sal,14.1,12.86726876,17.7,12.6
3017,8,,1,14.2,1,Shorea robusta,Sal,17,14.68969754,21.5,14.3
3017,9,,1,16.2,1,Buchannaia latifolia ,Sani/Piyari Bhalayo,19.1,13.0303012,19.9,12.4
3017,10,,1,18.5,1,Buchannaia latifolia ,Sani/Piyari Bhalayo,17.1,12.13815516,17.8,10.7
3017,11,,1,20.8,1,Buchannaia latifolia ,Sani/Piyari Bhalayo,25.1,15.23368519,25.8,17.3
3017,12,12a,2,21.2,6,Myrsine sp.,Kaiyo,20,13.4016778,20.2,6.7
3017,13,,2,21.7,8.5,Buchannaia latifolia ,Sani/Piyari Bhalayo,28,16.11556192,30,12.2
3017,14,,2,18.8,7.1,Casearia graveolens,Barkaule,7,6.274217514,9.5,9.2
3017,15,,2,19.2,7,Shorea robusta,Sal,5.5,5.512195296,,
3017,16,,2,19.2,6.2,Shorea robusta,Sal,7.8,7.028380767,10.6,10
3017,17,,2,19.6,8.7,Shorea robusta,Sal,8.5,7.40134513,11.3,11.2
3017,18,,2,14.7,7.9,Shorea robusta,Sal,3.4,3.424918241,,
3017,19,,2,14.5,7.8,Buchannaia latifolia ,Sani/Piyari Bhalayo,20,13.4016778,21.5,8.9
3017,20,,2,13.4,8.4,Myrsine sp.,Kaiyo,2.9,2.779997485,,
3017,21,,2,12.7,9.7,Myrsine sp.,Kaiyo,6.6,6.040897279,10,4.3
3017,22,,2,13.8,7.1,Shorea robusta,Sal,7.7,6.972383861,10.3,9.8
3017,23,,2,14.7,5.8,Shorea robusta,Sal,8.5,7.40134513,10.6,12.2
3017,24,,2,15.1,5.2,Myrsine sp.,Kaiyo,3.1,3.044448793,4.1,3.2
3017,25,,2,12.1,5.9,Shorea robusta,Sal,7.4,6.799922757,11.5,10.7
3017,26,,2,11.6,7.9,Shorea robusta,Sal,4.6,4.73672654,,
3017,27,27a,2,11,6.8,Myrsine sp.,Kaiyo,5.7,5.459570523,7.2,3.5
3017,28,27b,2,11,6.8,Myrsine sp.,Kaiyo,9.6,7.526669214,11.3,4.5
3017,29,,2,7.4,8,Shorea robusta,Sal,13.9,12.7280721,18.8,15.1
3017,30,,2,6.2,7.8,Cleistocalyx operculatus ,Kyamuna,18.3,12.68519188,20,6.4
3017,31,,3,2.4,13.4,Myrsine sp.,Kaiyo,12.7,9.738799199,15,5.4
3017,32,,3,6.7,14.8,Shorea robusta,Sal,6,5.889798569,8.6,8.4
3017,33,,3,7.6,13.8,Shorea robusta,Sal,6.2,6.032096563,,
3017,34,,3,7.6,13.2,Shorea robusta,Sal,9.6,7.929473318,11.9,5
3017,35,,3,8.2,14.1,Shorea robusta,Sal,6.5,6.237159907,9,4.5
3017,36,,3,8.1,13.9,Shorea robusta,Sal,5.5,5.512195296,,
3017,37,,3,11.9,11.3,Shorea robusta,Sal,8.7,7.502272934,10.9,8.5
3017,38,,3,13.2,10.7,Buchannaia latifolia ,Sani/Piyari Bhalayo,6.8,6.159273234,,
3017,39,,3,14.5,11,Terminalia alata ,Saj,4.3,4.34194615,5,2
3017,40,40a,3,13.6,14.6,Myrsine sp.,Kaiyo,4.3,4.34194615,7.4,3.9
3017,41,40b,3,13.6,14.6,Myrsine sp.,Kaiyo,5,4.940004154,6.6,5.4
3017,42,,3,17,14.8,Myrsine sp.,Kaiyo,4.2,4.248640668,5.4,5
3017,43,,3,17.8,15.1,Myrsine sp.,Kaiyo,5.6,5.38938639,7.8,7.9
3017,44,,3,23.6,12.3,Cleistocalyx operculatus ,Kyamuna,12,9.281511565,13.5,6
3017,45,,3,19.1,10,Semecarpus anacardium,Bhalayo,11,8.579703902,12.3,8
3017,47,,4,21.9,22.2,Shorea robusta,Sal,32,20.85274434,34.9,10.9
3017,48,,4,19.5,23.2,Shorea robusta,Sal,60.5,27.05851589,63.8,14.4
3017,49,,4,14,24.8,Buchannaia latifolia ,Sani/Piyari Bhalayo,19.1,13.0303012,23.7,13
3017,50,,4,16,21,Shorea robusta,Sal,39.8,22.97812565,41.7,16
3017,51,,4,6.5,20,Buchannaia latifolia ,Sani/Piyari Bhalayo,23.7,14.7707721,24,10.3
3017,52,,4,6,22.3,Shorea robusta,Sal,12.3,11.53653137,17.2,9.2
3017,53,,4,1.4,23.4,Shorea robusta,Sal,45.4,24.26082375,49.7,9.7
3017,54,12a,2,21.2,6,Myrsine sp.,Kaiyo,17.1,12.13815516,17.8,12
3017,55,,2,14.5,5.1,Shorea robusta,Sal,4.4,4.543819226,4.9,5.3
3017,56,,1,1.3,1,Shorea robusta,Sal,,,14.2,14
3017,57,,1,3.9,1,Shorea robusta,Sal,,,13.6,9.3
3017,58,,1,7.4,1,Shorea robusta,Sal,,,12.8,11
3017,59,,1,20,1,Shorea robusta,Sal,,,13,11
3017,60,,3,3.9,12.5,Shorea robusta,Sal,,,15,11.8
3017,61,,3,19.1,10,Myrsine sp.,Kaiyo,,,12.3,11.2
3017,62,,1,15,1,Shorea robusta,Sal,,,12.3,9.3
3017,63,,1,15.7,1,Shorea robusta,Sal,,,10.8,11.4
3017,64,,1,24,1,Shorea robusta,Sal,,,12,12.1
3017,65,,2,11.8,5.2,Myrsine sp.,Kaiyo,,,4.8,5.1
3017,66,,2,1.4,7,Myrsine sp.,Kaiyo,,,12.9,7.3
3017,67,,4,16.2,21,Myrsine sp.,Kaiyo,,,10.6,7.8
3017,68,,3,24,15,Myrsine sp.,Kaiyo,,,10.5,3.7
3017,69,,4,13.8,23,Shorea robusta,Sal,,,11.4,11.1
3017,70,,4,8,22,Shorea robusta,Sal,,,12,9.7
3018,1,,1,4.4,1,Shorea robusta,Sal,11.5,10.88125257,16.1,14.1
3018,2,,1,9.8,1,Shorea robusta,Sal,11,10.44813238,22,16.2
3018,3,,1,14.8,1,Shorea robusta,Sal,10,9.519468112,13,13
3018,4,,1,19.7,1,Shorea robusta,Sal,12,11.29593643,21.3,19.1
3018,5,,1,24.7,1,Shorea robusta,Sal,11.4,10.79615509,18.7,16.6
3018,6,,2,24.9,5.5,Shorea robusta,Sal,10.3,9.807477258,12,10.3
3018,7,,2,19.7,8.3,Shorea robusta,Sal,5.9,5.816860717,8,7
3018,8,,2,18.2,8.3,Shorea robusta,Sal,5.1,5.18451517,,
3018,9,,2,19.4,5.6,Shorea robusta,Sal,4,4.130201639,12.7,12.4
3018,10,,2,19.3,5.5,Shorea robusta,Sal,6,5.889798569,,
3018,11,,2,18,5.01,Shorea robusta,Sal,6.7,6.368676032,,
3018,12,,2,17.7,5.9,Shorea robusta,Sal,4.5,4.641344679,,
3018,13,,2,15.3,8.8,Shorea robusta,Sal,9,7.649395498,15.3,17.5
3018,14,,2,16,6.6,Shorea robusta,Sal,7.5,6.858174638,11.3,10.8
3018,15,,2,13.6,6.6,Shorea robusta,Sal,7.7,6.972383861,12.5,13.2
3018,16,,2,12.5,6.6,Shorea robusta,Sal,6.7,6.368676032,,
3018,17,,2,11.8,6.6,Shorea robusta,Sal,3.4,3.424918241,,
3018,18,,2,11.7,5.2,Shorea robusta,Sal,8.4,7.349987134,,
3018,19,,2,11.2,5.9,Shorea robusta,Sal,9,7.649395498,12.3,15.5
3018,20,,2,10.2,7.7,Shorea robusta,Sal,8.4,7.349987134,,
3018,21,,2,10,8.2,Shorea robusta,Sal,7.3,6.740878309,,
3018,22,,2,9.2,8.1,Shorea robusta,Sal,8.5,7.40134513,,
3018,23,,2,10.4,6.1,Shorea robusta,Sal,2.8,2.582339385,,
3018,24,,2,10.2,5.7,Shorea robusta,Sal,3.9,4.020329948,,
3018,25,,2,8.8,6.8,Shorea robusta,Sal,6.7,6.368676032,,
3018,26,,2,7.9,5.7,Shorea robusta,Sal,11.7,11.04924984,23,18.1
3018,27,,2,6.9,5.8,Shorea robusta,Sal,7.7,6.972383861,,
3018,28,,2,7.7,8.1,Shorea robusta,Sal,10.1,9.616420156,18,18.1
3018,29,,2,6,8.1,Shorea robusta,Sal,7.6,6.915654949,13,10.9
3018,30,,2,5.5,6.5,Shorea robusta,Sal,5.5,5.512195296,7.5,7.1
3018,31,,2,5,7.9,Shorea robusta,Sal,6.2,6.032096563,9.3,7.7
3018,32,,2,2.8,8.6,Shorea robusta,Sal,11.5,10.88125257,16.5,13.4
3018,33,,2,2.3,6.9,Shorea robusta,Sal,10,9.519468112,13.2,12.1
3018,34,,3,0.2,10.2,Shorea robusta,Sal,10.1,9.616420156,20.8,19.4
3018,35,,3,6.3,10.1,Shorea robusta,Sal,7.1,6.620323334,12.6,1.9
3018,36,,3,8.6,11.5,Shorea robusta,Sal,9.6,7.929473318,17.4,14.2
3018,37,,3,6.2,13.9,Shorea robusta,Sal,4.6,4.73672654,,
3018,38,,3,6.7,15,Shorea robusta,Sal,6.7,6.368676032,13.3,13.3
3018,39,,3,10.3,13.7,Shorea robusta,Sal,4.7,4.830057019,,
3018,40,,3,10.6,13,Shorea robusta,Sal,5.3,5.351447289,8.7,4.8
3018,41,,3,11.8,12.4,Shorea robusta,Sal,6.6,6.303416156,,
3018,42,,3,11.4,11.3,Shorea robusta,Sal,4.5,4.641344679,,
3018,43,,3,12.7,15,Shorea robusta,Sal,4.5,4.641344679,11.7,10.4
3018,44,,3,13.2,11.9,Shorea robusta,Sal,5.9,5.816860717,,
3018,45,,3,12.9,12.8,Shorea robusta,Sal,8.2,7.245410989,10,10.3
3018,46,,3,11.2,14.85,Shorea robusta,Sal,5.5,5.512195296,10.2,10.6
3018,47,,3,14.9,14.7,Shorea robusta,Sal,6.7,6.368676032,10.5,11.1
3018,48,,3,16,13.8,Shorea robusta,Sal,8.3,7.298014058,12,10.2
3018,49,,3,15.6,12.8,Shorea robusta,Sal,8.8,7.551870046,,
3018,50,,3,14.6,11.5,Shorea robusta,Sal,6.2,6.032096563,,
3018,51,,3,14.7,10.8,Shorea robusta,Sal,8.5,7.40134513,15.2,13.4
3018,52,,3,13.1,10.1,Shorea robusta,Sal,6.7,6.368676032,9.3,8.3
3018,53,,3,16.2,11.8,Shorea robusta,Sal,9.1,7.697348472,15.5,11.7
3018,54,,3,16.8,11.5,Shorea robusta,Sal,4.5,4.641344679,,
3018,55,,3,17.3,13.7,Shorea robusta,Sal,6.2,6.032096563,7.7,8
3018,56,,3,18,15,Shorea robusta,Sal,8,7.138252458,14.5,15.4
3018,57,,3,19,13.7,Shorea robusta,Sal,11.2,10.62369749,16.4,15.3
3018,58,,3,19.1,12,Shorea robusta,Sal,7.7,6.972383861,10.9,12.2
3018,59,,3,19,11.7,Shorea robusta,Sal,4,4.130201639,,
3018,60,,3,18.2,10.8,Shorea robusta,Sal,4.1,4.23736017,,
3018,61,,3,17.3,10.5,Shorea robusta,Sal,7.7,6.972383861,,
3018,62,,3,22.4,13.2,Shorea robusta,Sal,10.3,9.807477258,16.5,14.3
3018,63,,4,21.6,21.1,Shorea robusta,Sal,14.5,13.13983478,,
3018,64,,4,13.3,22,Shorea robusta,Sal,82,30.02130966,92.5,26
3018,65,,1,1.7,1,Shorea robusta,Sal,,,14.1,11.8
3018,66,,1,6.7,1,Shorea robusta,Sal,,,,
3018,67,,1,8.1,1,Shorea robusta,Sal,,,13.3,11.4
3018,68,,1,1.8,1,Shorea robusta,Sal,,,17,16.1
3018,69,,1,18.3,1,Shorea robusta,Sal,,,11.2,10.8
3018,70,,1,22,1,Shorea robusta,Sal,,,12.4,7.7
3018,71,,2,23,7.4,Shorea robusta,Sal,,,17,17.2
3018,72,,2,23,9.4,Shorea robusta,Sal,,,14.8,14.4
3018,73,,2,1.8,6.5,Shorea robusta,Sal,,,11.5,11.1
3018,74,,3,5.1,12.5,Shorea robusta,Sal,,,15.5,13
3018,75,,3,8,11,Shorea robusta,Sal,,,,
3018,76,,3,5.1,14.5,Shorea robusta,Sal,,,,
3018,77,,3,8.2,12.5,Shorea robusta,Sal,,,,
3018,78,,3,9.7,13.5,Shorea robusta,Sal,,,,
3018,79,,3,13.6,13.2,Shorea robusta,Sal,,,8.3,10.3
3018,80,,3,24,11.5,Shorea robusta,Sal,,,17.7,16.7
3018,81,,3,21.5,15.2,Shorea robusta,Sal,,,13.5,12
3018,82,,4,14.1,24.2,Shorea robusta,Sal,,,14.3,13
3018,83,,4,11.6,23.5,Shorea robusta,Sal,,,14.3,12.8
3018,84,,4,5.9,21,Shorea robusta,Sal,,,18.5,13.3
3018,85,,4,0.2,23.2,Shorea robusta,Sal,,,14.5,5.9
3018,86,,1,7.4,1,Shorea robusta,Sal,,,11.5,9.8
3018,87,,1,16.9,1,Shorea robusta,Sal,,,13.1,13.6
3018,88,,3,20,10.5,Shorea robusta,Sal,,,11,9
3018,89,,3,21.5,10.6,Shorea robusta,Sal,,,12.2,9
3018,90,,4,4,24.8,Shorea robusta,Sal,,,14.3,10.8
3018,91,,4,8.2,20.6,Shorea robusta,Sal,,,13.4,13.4
3019,1,,1,5,1,Glochidion acuminatum ,Latikath,13.9,10.46702582,,
3019,2,,1,5.4,1,Adina cordifolia,Karma,30.3,16.7522941,32.5,20.1
3019,3,,2,11.4,6.2,Lagerstroemia parviflora,Botdhairo,6.8,6.159273234,8.5,6.5
3019,4,,2,16,7.1,Glochidion acuminatum ,Latikath,19,12.98796147,,
3019,5,,2,14.8,9.8,Terminalia alata ,Saj,57.4,21.90544234,60.2,27
3019,6,,2,22.1,7,Shorea robusta,Sal,57.8,26.61367583,61.5,27.3
3019,7,,2,24.6,6.8,Shorea robusta,Sal,44.8,24.13119523,47.1,20.7
3019,8,,3,15,11.5,Shorea robusta,Sal,10.9,10.35914911,17.5,16.4
3019,9,,3,11.3,13.4,Lagerstroemia parviflora,Botdhairo,10,7.810960585,12,5.8
3019,10,10a,3,7.8,12.6,Lagerstroemia parviflora,Botdhairo,5.3,5.171057856,,
3019,11,10b,3,7.8,12.4,Lagerstroemia parviflora,Botdhairo,6.8,6.159273234,11,8.5
3019,12,,3,1.9,10.7,Shorea robusta,Sal,41,23.26756079,43.5,21.5
3019,13,,4,9.4,23.5,Shorea robusta,Sal,21,16.74860882,30.3,16.8
3019,14,,4,0.7,22.1,Semecarpus anacardium,Bhalayo,15.4,11.29358802,16,8.9
3019,15,,2,5.1,7,Mallotus philippensis ,Sindhure,,,,
3019,16,,3,2.2,12,Shorea robusta,Sal,,,,
3019,17,,1,18,1,Woodfordia fruticosa ,Botdhairo,,,14.5,10.1
3020,1,,1,17.7,1,Semecarpus anacardium,Bhalayo,37.1,18.38535039,,
3020,2,,2,20,10,Shorea robusta,Sal,4.4,4.543819226,,
3020,3,,2,18.4,8.9,Shorea robusta,Sal,6.7,6.368676032,,
3020,4,,2,18.2,7.1,Lagerstroemia parviflora,Botdhairo,4,4.05517303,,
3020,5,,2,17.4,9.8,Shorea robusta,Sal,10.2,9.712416991,13.5,13
3020,6,,2,14.8,10.3,Shorea robusta,Sal,12.3,11.53653137,19.8,16.5
3020,7,,2,12.9,8.3,Terminalia alata ,Saj,47,20.29313551,52,27.4
3020,8,,2,13.5,8.2,Glochidion acuminatum ,Latikath,7.2,6.385923492,9.5,2.8
3020,9,,2,13.1,7.9,Shorea robusta,Sal,6.5,6.237159907,11.2,9.9
3020,10,,2,13.4,5.5,Xeromphis spinosa ,MainKanda,5.5,5.31793761,6,4
3020,11,,2,12.8,5.8,Shorea robusta,Sal,3.9,4.020329948,,
3020,12,,2,12.8,5.4,Lagerstroemia parviflora,Botdhairo,2.3,1.860834545,,
3020,13,,2,12.6,7.8,Shorea robusta,Sal,2.3,1.728675721,,
3020,14,,2,12,6,Zizyphus rugosa ,Dumrai,7.5,6.547794947,,
3020,15,15a,2,12.1,6.7,Shorea robusta,Sal,4.3,4.444051614,6.4,4.5
3020,16,15b,2,12.1,6.7,Shorea robusta,Sal,3.4,3.424918241,6.9,5.6
3020,17,,2,11.6,9.9,Shorea robusta,Sal,2.1,1.333885495,,
3020,18,,2,11.7,9.9,Shorea robusta,Sal,3.1,3.024045743,,
3020,19,,2,8.7,6.7,Myrsine sp.,Kaiyo,5.9,5.596318557,,
3020,20,,2,8.2,8.7,Shorea robusta,Sal,4.1,4.23736017,,
3020,21,,2,7.4,7.3,Shorea robusta,Sal,4.5,4.641344679,,
3020,22,,2,3.8,6.4,Shorea robusta,Sal,5.6,5.590390204,7.5,8.2
3020,23,,2,2.2,6.7,Cleistocalyx operculatus ,Kyamuna,33.7,17.61008231,36.6,14.5
3020,24,,3,4.7,10.6,Shorea robusta,Sal,49.8,25.1621348,52.5,24
3020,25,,3,6.9,14,Cleistocalyx operculatus ,Kyamuna,23.7,14.7707721,26.7,15.3
3020,26,,3,8,15,Shorea robusta,Sal,4.5,4.641344679,,
3020,27,,3,10.4,13.4,Shorea robusta,Sal,4.6,4.73672654,10.3,9.4
3020,28,,3,10.2,14.3,Shorea robusta,Sal,8.4,7.349987134,,
3020,29,,3,12,14.3,Xeromphis spinosa ,MainKanda,4.6,4.60937106,7.6,2
3020,30,,3,11.8,13.1,Casearia graveolens,Barkaule,6,5.662963823,,
3020,31,,3,10.8,11.8,Shorea robusta,Sal,5.7,5.667201059,9.4,5.3
3020,32,,3,10.4,10.5,Buchannaia latifolia ,Sani/Piyari Bhalayo,7.8,6.703316841,12,8.3
3020,33,,3,12.7,10.4,Shorea robusta,Sal,6.4,6.169876389,11.2,9.2
3020,34,,3,14.7,11,Shorea robusta,Sal,5.1,5.18451517,7.2,6.4
3020,35,,3,14.9,11.7,Casearia graveolens,Barkaule,4,4.05517303,,
3020,36,,3,15.2,11.9,Shorea robusta,Sal,8.2,7.245410989,,
3020,37,,3,15.4,12.6,Shorea robusta,Sal,4.1,4.23736017,,
3020,38,,3,16.8,14.4,Buchannaia latifolia ,Sani/Piyari Bhalayo,6.5,5.980357172,,
3020,39,,3,17.4,15.5,Shorea robusta,Sal,6.6,6.303416156,6.5,3.5
3020,40,,3,18.9,15.2,Shorea robusta,Sal,4.8,4.921422499,7.5,6.1
3020,41,,3,21.4,15.5,Shorea robusta,Sal,11.7,11.04924984,13.6,8.9
3020,43,,3,20,15.2,Shorea robusta,Sal,12.8,11.92477397,15,13.1
3020,44,,3,17.8,12.5,Shorea robusta,Sal,5.3,5.351447289,9.5,8.2
3020,45,,3,17.9,12.8,Casearia graveolens,Barkaule,6.5,5.980357172,,
3020,46,,4,23.9,20.7,Cleistocalyx operculatus ,Kyamuna,10.2,7.970682636,13.5,10.2
3020,47,,4,21.9,24.3,Glochidion acuminatum ,Latikath,12,9.281511565,12.4,6.9
3020,48,,4,8.4,21.8,Lagerstroemia parviflora,Botdhairo,11.6,9.00807182,13.9,8.7
3020,49,,3,19,12.3,Shorea robusta,Sal,15.2,13.59921413,19.7,14.9
3020,50,,2,14.8,7.9,Shorea robusta,Sal,,,,
3020,51,,2,13.9,5.8,Shorea robusta,Sal,,,,
3020,52,,2,13.6,8.3,Shorea robusta,Sal,,,,
3020,53,,2,14.4,10.4,Lagerstroemia parviflora,Botdhairo,,,,
3020,54,,2,14.4,10.3,Shorea robusta,Sal,,,,
3020,55,,2,11.1,9.3,Shorea robusta,Sal,,,,
3020,56,,2,9.9,6.6,Shorea robusta,Sal,,,,
3020,57,,2,7.1,5.3,Shorea robusta,Sal,,,,
3020,58,,3,8.5,10.3,Lagerstroemia parviflora,Botdhairo,,,,
3020,59,,3,12.3,14.5,Shorea robusta,Sal,,,8.9,7
3020,60,,3,15.1,14.3,Shorea robusta,Sal,,,6.8,6.2
3020,61,,3,17.6,11.6,Shorea robusta,Sal,,,6.3,1.6
3020,62,,3,21.3,11.1,Shorea robusta,Sal,,,15.5,13.1
3020,63,,4,23,22.5,Shorea robusta,Sal,,,13.4,12.3
3020,64,,4,5.5,24.9,Shorea robusta,Sal,,,15.3,13.1
3020,65,,4,0.1,23.1,Lagerstroemia parviflora,Botdhairo,,,12.7,10.3
3020,66,,1,11.4,1,Shorea robusta,Sal,,,12.3,12.7
3020,67,,2,16.5,8.8,Casearia graveolens,Barkaule,,,,
3020,68,,2,16.3,7.5,Shorea robusta,Sal,,,,
3020,69,,2,19.8,6.3,Shorea robusta,Sal,,,,
3020,70,,3,14,14.2,Shorea robusta,Sal,,,,
3020,71,,3,11.6,15.3,Shorea robusta,Sal,,,,
3020,72,,4,15.7,25,Shorea robusta,Sal,,,11.5,11.1
3020,73,,4,1,25.4,Shorea robusta,Sal,,,12.1,15.8
3020,74,,4,10.6,21.2,Shorea robusta,Sal,,,10,11.1
3020,75,,4,17.7,23.4,Syzygium cumini,Jamun,,,10.7,10.5
3020,76,,4,21.6,22.2,Shorea robusta,Sal,,,11.3,10.8
3021,1,,1,6.3,1,Shorea robusta,Sal,11.2,10.62369749,19.1,19.6
3021,2,,1,6.7,1,Shorea robusta,Sal,10.2,9.712416991,13.7,14.3
3021,3,,1,7.9,1,Lagerstroemia parviflora,Botdhairo,12.1,9.348447219,17,11.4
3021,4,,1,13.5,1,Shorea robusta,Sal,11.1,10.53631036,,
3021,5,,1,19.5,1,Shorea robusta,Sal,10.5,9.994859956,13.8,8.5
3021,6,,1,20.3,1,Careya arborea,Kumbhi,46,20.11967291,50.7,23.8
3021,7,,1,24.3,1,Shorea robusta,Sal,10.4,9.901619053,13.3,10.8
3021,8,,2,23,6.7,Shorea robusta,Sal,11.7,11.04924984,,
3021,9,,2,22.4,9.1,Shorea robusta,Sal,10.2,9.712416991,13.4,7.1
3021,10,,2,18.8,5.5,Shorea robusta,Sal,9.6,7.929473318,14.6,12.8
3021,11,,2,16.4,9,Shorea robusta,Sal,6,5.889798569,,
3021,12,,2,16.2,7,Shorea robusta,Sal,6.9,6.49632347,,
3021,13,,2,17.3,5.8,Shorea robusta,Sal,5.1,5.18451517,,
3021,14,,2,14.3,7.5,Shorea robusta,Sal,5.7,5.667201059,,
3021,15,,2,13.9,9,Shorea robusta,Sal,6.2,6.032096563,,
3021,16,,2,13.7,10.4,Shorea robusta,Sal,5.5,5.512195296,9.5,7.7
3021,17,,2,12.5,8,Shorea robusta,Sal,7.9,7.083664317,,
3021,18,,2,11.8,8.1,Shorea robusta,Sal,6.2,6.032096563,,
3021,19,,2,12.2,8.8,Lagerstroemia parviflora,Botdhairo,4.9,4.859894359,,
3021,20,,2,13.4,7.7,Shorea robusta,Sal,2,1.122150819,,
3021,21,,2,11.7,6.6,Cleistocalyx operculatus ,Kyamuna,2.5,2.191467639,,
3021,22,,2,9.6,6.3,Shorea robusta,Sal,5.6,5.590390204,,
3021,23,,2,9,5.9,Lagerstroemia parviflora,Botdhairo,11.6,9.00807182,,
3021,24,,2,9.4,7.7,Semecarpus anacardium,Bhalayo,26.1,15.54879166,27.9,19
3021,25,,2,9.3,7.9,Shorea robusta,Sal,6.7,6.368676032,,
3021,26,,2,8.7,8.07,Shorea robusta,Sal,5.4,5.432565539,,
3021,27,,2,8,9.7,Shorea robusta,Sal,4,4.130201639,,
3021,28,,2,5.8,9.2,Shorea robusta,Sal,4,4.130201639,8.5,7.5
3021,29,,2,2.5,7.4,Shorea robusta,Sal,9.6,7.929473318,,
3021,30,,3,3.1,11.2,Shorea robusta,Sal,13.4,12.37112376,18.4,13.3
3021,31,,3,2,15,Shorea robusta,Sal,11.1,10.53631036,18.4,19.4
3021,32,,3,6,15,Shorea robusta,Sal,12.9,12.00060003,22.1,21.6
3021,33,,3,8.2,14.5,Shorea robusta,Sal,16.1,14.15970346,20.5,16
3021,34,,3,9,13.5,Shorea robusta,Sal,5.3,5.351447289,9.7,10.2
3021,35,,3,9.2,13.6,Shorea robusta,Sal,4.5,4.641344679,,
3021,36,,3,9.9,12.3,Shorea robusta,Sal,9.7,7.974444705,,
3021,37,,3,10.7,12,Semecarpus anacardium,Bhalayo,16.3,11.75170041,,
3021,38,,3,10.7,11.4,Shorea robusta,Sal,10.8,10.26934571,,
3021,39,,3,10.9,11.9,Shorea robusta,Sal,9.8,8.018954839,,
3021,40,,3,11,11.3,Shorea robusta,Sal,7.9,7.083664317,,
3021,41,,3,12.3,12,Shorea robusta,Sal,8.6,7.452102433,14.9,10.5
3021,42,,3,12.6,14.1,Shorea robusta,Sal,5,5.098577709,7.5,6.9
3021,43,,3,13.3,14.4,Shorea robusta,Sal,9.2,7.74477736,12.4,9.8
3021,44,,3,16.2,12.9,Shorea robusta,Sal,9.1,7.697348472,11.8,8.8
3021,45,,3,18.2,11.3,Shorea robusta,Sal,10.2,9.712416991,,
3021,46,,4,20.3,22.5,Shorea robusta,Sal,12.2,11.45699134,16.5,8.9
3021,47,,4,18.1,21.2,Shorea robusta,Sal,10,9.519468112,,
3021,48,,4,17.7,20.5,Shorea robusta,Sal,12.1,11.37679665,,
3021,49,,4,16,22.8,Shorea robusta,Sal,14.1,12.86726876,17.1,9.3
3021,50,,4,12,24.3,Shorea robusta,Sal,16.6,14.4576961,,
3021,51,,4,4.7,25.4,Shorea robusta,Sal,10.1,9.616420156,13.9,11.3
3021,52,,4,3,23,Shorea robusta,Sal,11.1,10.53631036,14.2,12.6
3021,53,,2,2.3,6.7,Shorea robusta,Sal,17.7,15.08286442,19.4,14.5
3021,54,,1,7.6,1,Lagerstroemia parviflora,Botdhairo,,,11.5,14.2
3021,55,,1,4.9,1,Shorea robusta,Sal,,,15.3,15.6
3021,56,,1,11.9,1,Shorea robusta,Sal,,,14.2,14.9
3021,57,,1,13.4,1,Shorea robusta,Sal,,,,
3021,58,,1,21.4,1,Shorea robusta,Sal,,,15.2,13.2
3021,59,,1,19.9,1,Shorea robusta,Sal,,,12.1,14.4
3021,60,,1,17,1,Shorea robusta,Sal,,,,
3021,61,,2,22,8.3,Shorea robusta,Sal,,,,
3021,62,,2,18.4,7.6,Shorea robusta,Sal,,,,
3021,63,,2,4,5,Shorea robusta,Sal,,,12.1,13.9
3021,64,,3,0.6,14.8,Shorea robusta,Sal,,,13.1,15.9
3021,65,,3,17.8,12.7,Shorea robusta,Sal,,,,
3021,66,,3,19.8,15.4,Shorea robusta,Sal,,,,
3021,67,,3,22.1,13.9,Shorea robusta,Sal,,,13.5,10.5
3021,68,,4,19.6,25.4,Shorea robusta,Sal,,,15.5,15.4
3021,69,,4,13.2,22.4,Shorea robusta,Sal,,,15.2,7.3
3021,70,,4,9.3,24.3,Shorea robusta,Sal,,,17.9,15.8
3021,71,,4,1,22.9,Shorea robusta,Sal,,,16,12.2
3021,72,,1,6,1,Lagerstroemia parviflora,Botdhairo,,,,
3021,73,,1,15.2,1,Shorea robusta,Sal,,,,
3021,74,,1,22.8,1,Shorea robusta,Sal,,,10.9,10.4
3021,75,,2,21.3,10,Shorea robusta,Sal,,,,
3021,76,,2,15.8,5.6,Shorea robusta,Sal,,,,
3021,77,,1,0.4,1,Shorea robusta,Sal,,,13.2,14.7
3021,78,,3,3.8,14.37,Shorea robusta,Sal,,,11.4,10.7
3021,79,,3,3.9,11.5,Shorea robusta,Sal,,,11.1,11.6
3021,80,,3,19.5,12.2,Shorea robusta,Sal,,,,
3021,81,,4,4,23.7,Shorea robusta,Sal,,,10.2,12.3
3021,82,,1,14.8,1,Sapium insigne,Khirro,,,10.7,8.9
3021,83,,3,18.7,14.8,Shorea robusta,Sal,,,10.8,10
3021,84,,3,24.7,13.3,Shorea robusta,Sal,,,10.1,9.7
3022,1,,1,0.6,1,Shorea robusta,Sal,68.3,28.2400872,74.5,10.1
3022,2,,1,16.8,1,Terminalia alata ,Saj,65.5,22.97016184,69.5,33.7
3022,3,,2,12.7,7.2,Shorea robusta,Sal,11.9,11.21439956,,
3022,4,,2,24,6.2,Shorea robusta,Sal,8.1,7.192162468,15,11.9
3022,5,,2,18.2,7.4,Shorea robusta,Sal,7.1,6.620323334,13,10.3
3022,6,,2,18,8.5,Shorea robusta,Sal,5.8,5.742676005,7,6.2
3022,7,,2,17.4,8.1,Shorea robusta,Sal,5.4,5.432565539,7.2,7.2
3022,8,,2,16.9,7.6,Shorea robusta,Sal,4.8,4.921422499,,
3022,10,,3,15.7,10.3,Semecarpus anacardium,Bhalayo,25.3,15.29769901,26.1,16.2
3022,11,,3,15.7,10.5,Shorea robusta,Sal,6,5.889798569,8.2,7.5
3022,12,,3,15.6,11.2,Shorea robusta,Sal,5.5,5.512195296,10.1,9.7
3022,13,,2,14.5,9.3,Shorea robusta,Sal,3.7,3.791871937,,
3022,14,,2,14.3,6,Xeromphis spinosa ,MainKanda,7.1,6.330463847,9.5,1.5
3022,15,,2,16.3,6.4,Shorea robusta,Sal,8.2,7.245410989,11.8,10.1
3022,16,,2,13,8.2,Shorea robusta,Sal,6.4,6.169876389,10.7,9.6
3022,17,,2,13.2,9.4,Shorea robusta,Sal,5.3,5.351447289,,
3022,18,,2,13.3,6.4,Glochidion acuminatum ,Latikath,3.7,3.74603213,,
3022,19,,2,13.5,5.5,Cleistocalyx operculatus ,Kyamuna,7.5,6.547794947,11.8,1.25
3022,20,,2,13,6.8,Shorea robusta,Sal,3.3,3.295365336,,
3022,21,,2,12.2,7.8,Shorea robusta,Sal,6,5.889798569,12,12.4
3022,23,,2,10.5,6.9,Shorea robusta,Sal,3.7,3.791871937,,
3022,24,,2,9.6,8.5,Shorea robusta,Sal,4.9,5.01090402,,
3022,25,,2,10.2,5.2,Terminalia alata ,Saj,8.2,6.901623162,,
3022,26,,2,8.3,5.1,Shorea robusta,Sal,5.2,5.268783837,,
3022,27,,2,8.2,7.2,Shorea robusta,Sal,4,4.130201639,,
3022,28,,2,7.8,7.6,Shorea robusta,Sal,5.4,5.432565539,9.1,7.7
3022,29,,2,6.9,7.2,Shorea robusta,Sal,6.4,6.169876389,,
3022,30,,2,6.9,7.4,Xeromphis spinosa ,MainKanda,4.3,4.34194615,,
3022,31,31a,2,3.5,7.6,Sapium insigne,Khirro,11.4,8.867795241,13.2,1
3022,32,,3,7.3,14.5,Shorea robusta,Sal,6.2,6.032096563,11.8,11.4
3022,33,,3,8.7,11,Shorea robusta,Sal,5.2,5.268783837,,
3022,34,,3,10.5,11.7,Shorea robusta,Sal,14.5,13.13983478,20.8,20
3022,35,,3,10,13.2,Shorea robusta,Sal,9.1,7.697348472,10.7,11.2
3022,36,,3,10.6,13.8,Lagerstroemia parviflora,Botdhairo,5.2,5.095526048,6.5,6.7
3022,37,,3,10.9,14.8,Shorea robusta,Sal,7.5,6.858174638,,
3022,38,,3,11.7,13.7,Shorea robusta,Sal,5.9,5.816860717,9.5,10.1
3022,39,,3,12.6,14.8,Shorea robusta,Sal,8.8,7.551870046,13.5,13
3022,40,,3,13.2,12,Shorea robusta,Sal,8.5,7.40134513,,
3022,41,,3,13,10.3,Shorea robusta,Sal,10.5,9.994859956,,
3022,42,,3,14,11,Shorea robusta,Sal,4,4.130201639,,
3022,43,,3,15.1,10.5,Shorea robusta,Sal,6,5.889798569,,
3022,44,,3,15.2,12.3,Shorea robusta,Sal,7.4,6.799922757,9.2,9.1
3022,45,,3,15.3,13.5,Shorea robusta,Sal,7,6.558766274,10.3,11.2
3022,46,,3,14.8,14.8,Shorea robusta,Sal,6.7,6.368676032,8.2,9.1
3022,47,,3,15.6,14.6,Shorea robusta,Sal,6.2,6.032096563,,
3022,48,,3,16.8,11.7,Shorea robusta,Sal,4.5,4.641344679,,
3022,49,,3,18.3,14.8,Shorea robusta,Sal,4.1,4.23736017,,
3022,50,,3,18.5,14.6,Shorea robusta,Sal,5,5.098577709,,
3022,51,,3,19.1,15.2,Shorea robusta,Sal,9.2,7.74477736,16.2,13.9
3022,52,,3,19.8,13.6,Shorea robusta,Sal,6.9,6.49632347,10.3,10.4
3022,53,,3,19.8,12.1,Shorea robusta,Sal,12.6,11.77132828,18.6,10.8
3022,54,,3,20.7,11.8,Sapium insigne,Khirro,22,14.17042112,23,10.8
3022,55,,4,24.5,21.8,Shorea robusta,Sal,10.2,9.712416991,12.8,8.7
3022,56,,4,21.6,23.2,Careya arborea,Kumbhi,16.1,11.6521226,16.9,7.6
3022,57,,4,20.6,24.9,Semecarpus anacardium,Bhalayo,32.5,17.31763819,35,16.6
3022,58,,4,19.5,24.9,Shorea robusta,Sal,10.2,9.712416991,13.5,13.2
3022,59,,4,12,20.5,Shorea robusta,Sal,11.5,10.88125257,18.1,20.2
3022,60,,4,10.2,24.8,Shorea robusta,Sal,10.5,9.994859956,14,10.8
3022,61,,4,8.6,25.1,Shorea robusta,Sal,14.5,13.13983478,21.3,15.6
3022,62,,4,2.5,20.4,Shorea robusta,Sal,72,28.754124,76.5,26
3022,63,,4,6,25.2,Terminalia alata ,Saj,93.7,25.85806996,97.3,36.7
3022,64,,3,9,12.3,Shorea robusta,Sal,,,15,10.7
3022,65,31b,2,3.5,7.6,Sapium insigne,Khirro,,,13.2,3.9
3022,66,,2,14.7,5.5,Shorea robusta,Sal,,,,
3022,67,,2,8.3,5.1,Shorea robusta,Sal,,,7.5,7.1
3022,68,,3,24,13,Shorea robusta,Sal,,,17,13.1
3022,69,,1,19.4,1,Shorea robusta,Sal,,,11.9,9.7
3022,70,,1,20,1,Shorea robusta,Sal,,,11.9,9.8
3022,71,,4,15.9,23,Shorea robusta,Sal,,,11,
3023,1,,1,10.5,1,Myrsine sp.,Kaiyo,13.8,10.40878946,18.5,9.9
3023,2,,1,12.5,1,Dillenia pentagyna ,Tatari,18.1,12.59655692,18.8,9.9
3023,3,,1,17.4,1,Cleistocalyx operculatus ,Kyamuna,26.6,15.70184559,29,13.2
3023,4,,2,15.8,6.8,Terminalia alata ,Saj,4.3,4.34194615,6.8,1
3023,5,,2,14,10.1,Glochidion acuminatum ,Latikath,13.6,10.29103993,16.5,8.1
3023,6,,2,12.7,7.3,Terminalia alata ,Saj,6.1,5.728507464,,
3023,7,,2,11,7.7,Oujenia oojeinensis,Sandan,2.1,1.500104153,,
3023,8,,2,10.4,7.2,Shorea robusta,Sal,4.1,4.23736017,5.5,6.2
3023,9,,2,10,8.1,Buchannaia latifolia ,Sani/Piyari Bhalayo,25,15.20148674,27.4,9.8
3023,10,,2,10.1,9.6,Terminalia alata ,Saj,4.8,4.778132699,,
3023,11,,2,10,9.3,Shorea robusta,Sal,3,2.881747749,,
3023,12,,2,8.9,9.9,Shorea robusta,Sal,6.2,6.032096563,,
3023,13,,2,8.9,8.4,Shorea robusta,Sal,6,5.889798569,8.7,7.3
3023,14,,2,6.5,8.9,Shorea robusta,Sal,11.1,10.53631036,17,12.8
3023,15,,2,6.3,9.2,Shorea robusta,Sal,11,10.44813238,16.5,14.5
3023,16,16a,2,5,8.4,Myrsine sp.,Kaiyo,11.6,9.00807182,,
3023,17,16b,2,5,8.4,Myrsine sp.,Kaiyo,7.5,6.547794947,,
3023,18,16c,2,5,8.4,Myrsine sp.,Kaiyo,12.1,9.348447219,,
3023,19,,2,5.9,7.3,Shorea robusta,Sal,4,4.130201639,,
3023,20,,2,7.5,5.1,Shorea robusta,Sal,3.2,3.161825569,5.5,6.3
3023,21,21a,2,4.9,6,Myrsine sp.,Kaiyo,9.7,7.567760774,12.8,7.4
3023,22,21b,2,4.9,6,Myrsine sp.,Kaiyo,14.4,10.75206255,15.2,10.9
3023,23,,3,4,13,Shorea robusta,Sal,10.5,9.994859956,,
3023,24,,3,2,14.8,Shorea robusta,Sal,10.3,9.807477258,16.7,11.8
3023,25,,3,5.2,14.7,Casearia graveolens,Barkaule,6.9,6.217161853,8.3,8.8
3023,26,,3,5.5,13.2,Glochidion acuminatum ,Latikath,9,7.270754617,,
3023,28,,3,6.3,14.3,Shorea robusta,Sal,4.2,4.341936314,7.8,6
3023,29,,3,7.3,12.4,Terminalia alata ,Saj,5.9,5.596318557,,
3023,30,,3,8.2,14.8,Shorea robusta,Sal,5.5,5.512195296,7.5,6.4
3023,31,,3,8.3,15.2,Buchannaia latifolia ,Sani/Piyari Bhalayo,28.4,16.22997093,30.5,14.1
3023,32,,3,8.1,15.1,Buchannaia latifolia ,Sani/Piyari Bhalayo,4.4,4.433106486,,
3023,33,,3,5.9,10.6,Shorea robusta,Sal,12.2,11.45699134,14.5,12.7
3023,34,,3,7.3,10.8,Shorea robusta,Sal,4.4,4.543819226,5.2,4.8
3023,35,,3,8.2,10.5,Semecarpus anacardium,Bhalayo,23,14.5289557,25.3,14
3023,36,,3,10.1,12,Casearia graveolens,Barkaule,8,6.803709545,10.5,8.6
3023,37,,3,10.9,12.7,Zizyphus rugosa ,Dumrai,4.8,4.778132699,5,1
3023,38,,3,11,14.9,Lagerstroemia parviflora,Botdhairo,8.3,6.949687993,13.5,13.7
3023,39,,3,16,13.4,Dillenia pentagyna ,Tatari,34.2,17.72887238,37.5,9.3
3023,40,,3,14.1,10.3,Casearia graveolens,Barkaule,4,4.05517303,,
3023,41,,3,16.3,11.2,Terminalia alata ,Saj,5.6,5.38938639,,
3023,42,,3,17.8,10.4,Lagerstroemia parviflora,Botdhairo,10.7,8.356674946,,
3023,43,,3,19.3,11.2,Terminalia alata ,Saj,5.4,5.245177771,,
3023,44,,3,18.9,13.1,Casearia graveolens,Barkaule,5,4.940004154,7.2,6.4
3023,45,,3,21.7,11.2,Shorea robusta,Sal,63.5,27.53007243,68,23.3
3023,46,,4,24.2,25.1,Semecarpus anacardium,Bhalayo,11.5,8.938238483,,
3023,47,,2,8.5,5.1,Shorea robusta,Sal,11.7,11.04924984,13,13.2
3023,48,,3,9.5,12.3,Shorea robusta,Sal,4.4,4.543819226,5.6,4.8
3023,49,,1,22.2,1,Myrsine sp.,Kaiyo,,,13.7,7.2
3023,50,,1,14.5,1,Lagerstroemia parviflora,Botdhairo,,,17,13
3023,51,,2,16.2,7,Shorea robusta,Sal,,,,
3023,52,,3,6,11.5,Casearia graveolens,Barkaule,,,,
3023,53,,2,5.1,8,Myrsine sp.,Kaiyo,,,,
3023,54,,1,1,1,Terminalia alata ,Saj,,,14,12.8
3023,55,,1,10.8,1,Terminalia alata ,Saj,,,13.5,13.2
3023,56,,3,11,14.9,Shorea robusta,Sal,,,4.9,5.2
3023,57,,4,4.5,25.4,Shorea robusta,Sal,,,13.4,15.1
3023,58,,4,9.8,24,Shorea robusta,Sal,,,15.1,13.2
3023,59,,4,12.5,24.5,Shorea robusta,Sal,,,15.2,12.5
3023,60,,1,5.3,1,Shorea robusta,Sal,,,14.5,13.5
3023,61,,2,10.4,7.2,Shorea robusta,Sal,,,5.1,3
3023,62,,2,19.5,7.8,Shorea robusta,Saj,,,12.2,10.4
3023,63,,1,2.4,1,Shorea robusta,Sal,,,12.8,11.1
3023,64,,3,6.4,15,Casearia graveolens,Barkaule,,,5.2,5.8
3023,65,,3,11.6,15.27,Shorea robusta,Sal,,,4.9,5.2
3023,66,,4,5.5,23.2,Casearia graveolens,Barkaule,,,11,11.7
3024,1,,1,3.5,1,Semecarpus anacardium,Bhalayo,10.5,8.204487412,13.6,11.5
3024,2,,1,14.1,1,Shorea robusta,Sal,12.8,11.92477397,15.4,15
3024,3,,1,15.8,1,Shorea robusta,Sal,10.2,9.712416991,13.6,14.1
3024,5,,2,1.3,5.9,Shorea robusta,Sal,37,22.26733977,40.2,21.4
3024,6,,2,4.5,7.5,Shorea robusta,Sal,25.8,18.7543489,,
3024,7,,2,5.1,6.4,Shorea robusta,Sal,4.5,4.641344679,,
3024,8,,2,6.1,8.8,Semecarpus anacardium,Bhalayo,20.4,13.56139985,23.9,20.3
3024,9,,2,7.7,7.4,Shorea robusta,Sal,7.2,6.681019429,10.4,11.2
3024,10,,2,8.1,5.4,Shorea robusta,Sal,5.2,5.268783837,10.9,11.5
3024,11,,2,10.1,6.6,Shorea robusta,Sal,10.2,9.712416991,11.9,12
3024,12,,2,11.8,7.2,Shorea robusta,Sal,3.6,3.672968609,5.5,6.1
3024,13,,2,12.2,8,Shorea robusta,Sal,5.2,5.268783837,9.6,10.3
3024,14,,2,10.3,8.9,Shorea robusta,Sal,2.5,2.090526889,,
3024,15,,2,10.9,10.3,Shorea robusta,Sal,9.1,7.697348472,11.6,12.2
3024,16,,2,11.3,10.3,Zizyphus rugosa ,Dumrai,2.1,1.500104153,,
3024,17,,2,14.7,10.27,Woodfordia fruticosa ,Botdhairo,4,4.05517303,,
3024,18,,2,15.1,10.27,Woodfordia fruticosa ,Botdhairo,4.5,4.522218101,,
3024,19,,2,15,7.9,Zizyphus rugosa ,Dumrai,3.6,3.637386977,5.5,3.2
3024,20,,2,13.4,6.3,Shorea robusta,Sal,10.2,9.712416991,14.9,13.8
3024,21,21a,2,14.4,6.2,Woodfordia fruticosa ,Botdhairo,4.2,4.248640668,,
3024,22,21b,2,14.4,6.2,Woodfordia fruticosa ,Botdhairo,5,4.940004154,,
3024,23,21c,2,14.4,6.2,Woodfordia fruticosa ,Botdhairo,17.8,12.461751,18.5,17.1
3024,24,,2,17.1,9.1,Shorea robusta,Sal,4.7,4.830057019,8.4,9.4
3024,25,,2,22,7.1,Shorea robusta,Sal,20.2,16.37016902,28.5,23.4
3024,26,,2,21.2,5.3,Shorea robusta,Sal,15.8,13.97643285,18.3,15.3
3024,27,,3,23.7,13.5,Shorea robusta,Sal,10.5,9.994859956,12.7,10.6
3024,28,,3,21.4,12.2,Terminalia alata ,Saj,47,20.29313551,48.4,15.2
3024,29,,3,22,12.1,Buchannaia latifolia ,Sani/Piyari Bhalayo,24.4,15.00554917,25.4,18.5
3024,30,,3,19.8,12.7,Lagerstroemia parviflora,Botdhairo,6.7,6.100526974,9,7.3
3024,31,,3,18,10.6,Shorea robusta,Sal,10.7,10.17870692,12.4,13.3
3024,32,,3,17.5,12.5,Shorea robusta,Sal,4.3,4.444051614,,
3024,33,,3,16.9,12.9,Shorea robusta,Sal,8.6,7.452102433,,
3024,34,34a,3,16.3,10.4,Shorea robusta,Sal,13.2,12.2246007,16.6,14.5
3024,35,34b,3,16.3,10.4,Shorea robusta,Sal,9.4,7.838107839,10,11.2
3024,36,,3,14.6,12.4,Semecarpus anacardium,Bhalayo,15.6,11.39766301,17.3,9.8
3024,37,,3,14.7,11.5,Shorea robusta,Sal,6,5.889798569,8.8,10.3
3024,38,,3,12.6,15.1,Woodfordia fruticosa ,Botdhairo,4.6,4.60937106,6.5,5.4
3024,39,,3,9.9,15,Shorea robusta,Sal,23.8,17.96814842,25.2,20.5
3024,40,,3,9.2,11.1,Shorea robusta,Sal,13.5,12.44356722,18.1,16.7
3024,41,,3,8.8,11.4,Buchannaia latifolia ,Sani/Piyari Bhalayo,25.2,15.26575561,27.3,12.6
3024,42,,3,6.6,13.8,Shorea robusta,Sal,5.5,5.512195296,7.5,8.2
3024,43,,3,6.8,10.2,Shorea robusta,Sal,4,4.130201639,6.9,7.3
3024,44,,3,4,10.8,Lagerstroemia parviflora,Botdhairo,18.4,12.72914676,20.1,13.8
3024,45,,3,2.5,12.7,Buchannaia latifolia ,Sani/Piyari Bhalayo,21.5,13.98499456,22.4,13.3
3024,46,,4,2.4,23.7,Lagerstroemia parviflora,Botdhairo,13.5,10.2315142,14.1,11.8
3024,47,,4,6,25.4,Shorea robusta,Sal,10,9.519468112,13.3,12.6
3024,48,,4,11.9,22.7,Shorea robusta,Sal,11,10.44813238,,
3024,49,,4,12.5,24.2,Shorea robusta,Sal,10,9.519468112,14.5,14.7
3024,50,,4,12.3,21.8,Shorea robusta,Sal,14.7,13.27331084,15.9,14.7
3024,51,,4,13.3,20.6,Lagerstroemia parviflora,Botdhairo,15.7,11.44920121,16.8,12
3024,52,,4,13,20.4,Shorea robusta,Sal,12.5,11.69368962,18.7,16.3
3024,53,,4,17,20.7,Shorea robusta,Sal,17,14.68969754,21.4,18.1
3024,54,,4,19.2,24.3,Buchannaia latifolia ,Sani/Piyari Bhalayo,22.3,14.27966477,23.9,15.2
3024,55,,1,11.6,1,Shorea robusta,Sal,,,12.7,13
3024,56,,1,14.7,1,Shorea robusta,Sal,,,11.6,13.1
3024,57,,2,18.9,9.6,Shorea robusta,Sal,,,,
3024,58,,3,8.8,10.8,Shorea robusta,Sal,,,5.8,6.4
3024,59,,3,19.8,13.8,Shorea robusta,Sal,,,11.7,6.4
3024,60,,3,24,11.6,Shorea robusta,Sal,,,11.8,12.2
3024,61,,3,24.3,13.7,Lagerstroemia parviflora,Botdhairo,,,11.7,11.4
3024,62,,4,2.5,21.8,Shorea robusta,Sal,,,13.8,13.3
3024,63,,1,24,1,Glochidion acuminatum ,Latikath,,,13.8,9.7
3024,64,,1,13.9,1,Lagerstroemia parviflora,Botdhairo,,,10.9,10.3
3024,65,,3,23,14.7,Shorea robusta,Sal,,,10.7,11.4
3024,66,,3,10.2,15,Semecarpus anacardium,Bhalayo,,,,
3024,67,,3,8.5,15,Sapium insigne,Khirro,,,,
3025,1,,1,2.4,1,Cleistocalyx operculatus ,Kyamuna,17.5,12.32465365,19.6,8.6
3025,2,,1,4.6,1,Shorea robusta,Sal,41.4,23.36215959,42.5,19.3
3025,3,,1,12.5,1,Shorea robusta,Sal,44,23.95563012,45.9,23.1
3025,4,,1,21,1,Shorea robusta,Sal,62.2,27.32852698,65.1,36.2
3025,5,,2,19.9,6.7,Semecarpus anacardium,Bhalayo,11.8,9.145950391,12.9,7.1
3025,6,,2,18.7,8.1,Semecarpus anacardium,Bhalayo,6.8,6.159273234,,
3025,7,,2,18.4,8.1,Myrsine sp.,Kaiyo,6.5,5.980357172,,
3025,8,,2,19.4,9.2,Myrsine sp.,Kaiyo,6.6,6.040897279,7.3,4.9
3025,9,,2,15.4,9.7,Myrsine sp.,Kaiyo,7.5,6.547794947,,
3025,10,,2,14.7,10.9,Terminalia alata ,Saj,3.3,3.292360764,,
3025,11,,2,13,8.6,Antidesma diandrum,Archal,17.1,12.13815516,,
3025,12,,2,9.8,5.5,Myrsine sp.,Kaiyo,7.4,6.494568645,,
3025,13,,2,9.2,8.2,Myrsine sp.,Kaiyo,8.8,7.181643001,,
3025,14,,2,9.3,10.5,Myrsine sp.,Kaiyo,12.4,9.545984439,13.7,11.4
3025,15,,2,8,5.4,Myrsine sp.,Kaiyo,7,6.274217514,9.5,6.5
3025,16,,2,7.6,7.1,Myrsine sp.,Kaiyo,6.1,5.728507464,,
3025,17,,2,7.2,7.1,Myrsine sp.,Kaiyo,4.1,4.153086647,,
3025,18,,2,5.7,8.8,Shorea robusta,Sal,14.1,12.86726876,,
3025,19,,3,5.1,13.7,Myrsine sp.,Kaiyo,8.5,7.044104358,,
3025,20,,3,18.5,15.2,Shorea robusta,Sal,40,23.02696585,41.7,18.9
3025,21,,3,14.5,13,Myrsine sp.,Kaiyo,6.3,5.856431461,,
3025,22,,3,14.1,14.1,Shorea robusta,Sal,41.3,23.33859585,45.2,22
3025,23,,3,13,11.2,Myrsine sp.,Kaiyo,4.6,4.60937106,,
3025,24,24a,3,11,14.1,Myrsine sp.,Kaiyo,6.8,6.159273234,,
3025,25,24b,3,11,14.1,Myrsine sp.,Kaiyo,4.2,4.248640668,,
3025,26,24c,3,11,14.1,Myrsine sp.,Kaiyo,6.3,5.856431461,,
3025,27,24d,3,11,13.7,Myrsine sp.,Kaiyo,5.4,5.245177771,,
3025,28,,3,9.3,11.7,Shorea robusta,Sal,9.7,7.974444705,13,11.4
3025,29,,3,8.7,11.4,Buchannaia latifolia ,Sani/Piyari Bhalayo,8.2,6.901623162,9.8,11.2
3025,30,,3,7.5,13.7,Myrsine sp.,Kaiyo,4.8,4.778132699,,
3025,31,,4,7.9,25.3,Myrsine sp.,Kaiyo,12.2,9.414831956,14,4
3025,32,,4,19.9,24.2,Shorea robusta,Sal,32.2,20.91345233,34.9,16.5
3025,33,,2,19,10,Myrsine sp.,Kaiyo,,,6.8,6.9
3025,34,,2,9.8,5.5,Myrsine sp.,Kaiyo,,,,
3025,35,,2,10,9.2,Myrsine sp.,Kaiyo,,,,
3025,36,,4,1.7,25.2,Buchannaia latifolia ,Sani/Piyari Bhalayo,,,19.5,11.3
3025,37,,4,0.8,25.4,Shorea robusta,Sal,,,14.5,11.7
3025,38,,1,7,1,Myrsine sp.,Kaiyo,,,12.8,6.5
3025,39,,1,13.1,1,Myrsine sp.,Kaiyo,,,11.8,7.4
3025,40,,2,4.9,10,Myrsine sp.,Kaiyo,,,13.3,6
3025,41,,3,0.4,10.3,Shorea robusta,Sal,,,11.8,10.8
3025,42,,3,14,11.2,Terminalia alata ,Saj,,,4.1,1.6
3025,43,,4,22,21.2,Myrsine sp.,Kaiyo,,,14.6,5.6
3025,44,,4,2,25.4,Shorea robusta,Sal,,,14,11.6
3026,1,,1,1.2,1,Shorea robusta,Sal,14,12.797919,20.3,21.5
3026,2,,1,10.6,1,Shorea robusta,Sal,14.8,13.3393694,15,17.6
3026,3,,1,16.6,1,Shorea robusta,Sal,10.5,9.994859956,16.1,21.5
3026,4,,1,19.7,1,Shorea robusta,Sal,10.5,9.994859956,15,20.6
3026,5,,2,18.2,9.7,Shorea robusta,Sal,11.4,10.79615509,13.4,10.9
3026,6,,2,17.8,6.5,Shorea robusta,Sal,13.8,12.65772089,19.1,21.8
3026,7,,2,16.7,5.1,Shorea robusta,Sal,11.9,11.21439956,19.4,22.9
3026,8,,2,15.4,8.9,Shorea robusta,Sal,10.3,9.807477258,17.9,15.3
3026,9,,2,15.4,9.9,Shorea robusta,Sal,4.9,5.01090402,,
3026,10,10a,2,13.9,9.3,Shorea robusta,Sal,3.5,3.550715454,,
3026,11,10b,2,13.9,9.3,Shorea robusta,Sal,2,1.122150819,,
3026,12,,2,12.8,9.2,Shorea robusta,Sal,10.2,9.712416991,24.3,27.2
3026,13,,2,12.7,8.7,Syzygium cumini,Jamun,3.3,3.292360764,,
3026,14,,2,11.4,9,Shorea robusta,Sal,4.4,4.543819226,,
3026,15,,2,12.2,6.8,Syzygium cumini,Jamun,3.8,3.85177973,,
3026,16,,2,11,7,Cassia fistula,Rajbrikhsa,5.6,5.38938639,,
3026,17,,2,11.9,6.2,Shorea robusta,Sal,8.4,7.349987134,11.5,13.4
3026,18,,2,10.5,5.5,Shorea robusta,Sal,13.7,12.58685804,24.3,24.5
3026,19,,2,9.9,5.4,Shorea robusta,Sal,5.9,5.816860717,11.6,11.6
3026,20,,2,9,6.4,Shorea robusta,Sal,7.1,6.620323334,11.5,11.5
3026,21,,2,8.5,6.5,Shorea robusta,Sal,10.4,9.901619053,24.5,24.5
3026,22,,2,7.4,5.4,Schleichera trijuga/oleosa,Kusum,7.7,6.65215097,,
3026,23,,2,6.8,5.1,Shorea robusta,Sal,10.5,9.994859956,20.3,20.3
3026,24,,2,6.9,6.4,Terminalia alata ,Saj,7,6.274217514,,
3026,25,,2,7.1,9.1,Terminalia alata ,Saj,5.5,5.31793761,,
3026,26,,2,7,9.4,Shorea robusta,Sal,5.9,5.816860717,,
3026,27,,2,6.4,9.4,Shorea robusta,Sal,7.1,6.620323334,15.5,15.5
3026,28,,2,5.1,8.3,Terminalia alata ,Saj,6.5,5.980357172,,
3026,29,,2,5.2,8.1,Shorea robusta,Sal,5.4,5.432565539,,
3026,30,,2,2.3,5.2,Shorea robusta,Sal,10.6,10.08721705,14.9,14.9
3026,31,,3,6.4,12.3,Shorea robusta,Sal,4.8,4.921422499,,
3026,32,,3,6.7,13.6,Shorea robusta,Sal,7.6,6.915654949,,
3026,34,,3,4.3,14.9,Shorea robusta,Sal,11.9,11.21439956,14.6,11.2
3026,35,,3,8.1,13.5,Shorea robusta,Sal,4.1,4.23736017,,
3026,36,,3,8.1,12.8,Lagerstroemia parviflora,Botdhairo,11.7,9.077305721,15.2,14.1
3026,37,,3,8.4,10.5,Shorea robusta,Sal,4.5,4.641344679,,
3026,38,,3,7.8,11.7,Shorea robusta,Sal,6,5.889798569,9.8,12.3
3026,39,,3,10.1,12.1,Terminalia alata ,Saj,8.3,6.949687993,13.2,13.9
3026,40,,3,11.4,10.3,Shorea robusta,Sal,9.3,7.791693492,,
3026,41,,3,11,14.3,Shorea robusta,Sal,7.1,6.620323334,10.3,13
3026,42,,3,11.2,14.4,Shorea robusta,Sal,6.3,6.101533244,,
3026,43,,3,12.8,13.2,Shorea robusta,Sal,4.8,4.921422499,,
3026,44,,3,14,13.8,Lagerstroemia parviflora,Botdhairo,7.8,6.703316841,8.4,10.9
3026,47,,3,16.3,11.2,Shorea robusta,Sal,5,5.098577709,,
3026,48,,3,17.4,12.6,Shorea robusta,Sal,6.4,6.169876389,,
3026,49,,3,18.2,10.8,Shorea robusta,Sal,4.9,5.01090402,,
3026,50,,3,18.6,11,Shorea robusta,Sal,4.3,4.444051614,,
3026,51,,3,18.6,14.1,Cassia fistula,Rajbrikhsa,9.1,7.314570532,,
3026,52,,3,20.5,11,Shorea robusta,Sal,12.3,11.53653137,16.6,21.1
3026,53,,3,22.8,12.7,Shorea robusta,Sal,12.5,11.69368962,15.4,12.3
3026,54,,3,23,15,Shorea robusta,Sal,10,9.519468112,,
3026,55,,4,23.9,20.2,Shorea robusta,Sal,10,9.519468112,13,18.5
3026,56,,1,18.8,1,Shorea robusta,Sal,,,13.1,17.7
3026,57,,2,1.5,5.4,Shorea robusta,Sal,,,13.4,12.9
3026,58,,2,1.1,9.6,Schleichera trijuga/oleosa,Kusum,,,15.5,13.4
3026,59,,3,1.7,12,Shorea robusta,Sal,,,15.5,17.9
3026,60,,3,15.8,14.3,Mallotus philippensis ,Sindhure,,,,
3026,61,,4,7.5,24.5,Shorea robusta,Sal,,,12.4,13
3026,62,,4,7.4,22.8,Shorea robusta,Sal,,,14,13.6
3026,63,,4,7.4,20.6,Shorea robusta,Sal,,,13.1,12.9
3026,64,,1,5.6,1,Shorea robusta,Sal,,,20.2,23
3026,65,,2,20.5,6.8,Shorea robusta,Sal,,,13.6,13.5
3026,66,,3,20.4,11.2,Shorea robusta,Sal,,,11.5,14.9
3026,67,,4,11.7,23.4,Shorea robusta,Sal,,,13,15.3
3026,68,,4,16,24.1,Shorea robusta,Sal,,,14.9,17.9
3027,1,,2,2.9,6.5,Cleistocalyx operculatus ,Kyamuna,10.8,8.431705254,16.3,8.6
3027,2,,2,5.2,5.8,Lagerstroemia parviflora,Botdhairo,4.5,4.522218101,,
3027,3,,2,5.6,6.6,Buchannaia latifolia ,Sani/Piyari Bhalayo,10,7.810960585,13.7,7.5
3027,4,,2,5.7,5.1,Lagerstroemia parviflora,Botdhairo,5,4.940004154,,
3027,5,,2,7.2,5.9,Buchannaia latifolia ,Sani/Piyari Bhalayo,6,5.662963823,7.9,5.3
3027,6,6a,2,7.5,7.6,Buchannaia latifolia ,Sani/Piyari Bhalayo,9.3,7.400776101,11,5
3027,7,6b,2,7.5,7.6,Buchannaia latifolia ,Sani/Piyari Bhalayo,7.8,6.703316841,8.6,5.5
3027,8,,2,8.6,9.5,Lagerstroemia parviflora,Botdhairo,4.5,4.522218101,8.8,9.2
3027,9,,2,9,10.7,Buchannaia latifolia ,Sani/Piyari Bhalayo,4.1,4.153086647,7.9,3.5
3027,10,,2,10.1,10.3,Zizyphus rugosa ,Dumrai,4.7,4.694649616,,
3027,11,,2,10,7.4,Casearia graveolens,Barkaule,7,6.274217514,7.8,2.5
3027,12,,2,9.2,6.2,Xeromphis spinosa ,MainKanda,2.5,2.191467639,4.1,2.5
3027,13,,2,8.5,5.5,Lagerstroemia parviflora,Botdhairo,5,4.940004154,,
3027,14,,2,8.7,5.6,Lagerstroemia parviflora,Botdhairo,3.3,3.292360764,,
3027,15,,2,10.8,5,Xeromphis spinosa ,MainKanda,4.8,4.778132699,7.8,2
3027,16,,2,11.3,5.3,Zizyphus rugosa ,Dumrai,2.7,2.496641256,,
3027,17,,2,12,6.6,Buchannaia latifolia ,Sani/Piyari Bhalayo,5,4.940004154,,
3027,18,,2,12.6,5,Casearia graveolens,Barkaule,4.5,4.522218101,,
3027,19,,2,12.3,5.6,Buchannaia latifolia ,Sani/Piyari Bhalayo,7.2,6.385923492,,
3027,20,,2,12.5,9.1,Casearia graveolens,Barkaule,4.8,4.778132699,,
3027,21,,2,12.7,9.2,Zizyphus rugosa ,Dumrai,6,5.662963823,,
3027,22,,2,13.2,9.5,Lagerstroemia parviflora,Botdhairo,4,4.05517303,,
3027,23,,2,13.3,10.5,Terminalia alata ,Saj,2.5,2.191467639,8.8,5.2
3027,24,,2,13.2,10.7,Zizyphus rugosa ,Dumrai,3.8,3.85177973,,
3027,25,,2,13.7,9.2,Shorea robusta,Sal,3.7,3.791871937,12.1,13.7
3027,26,,2,13.9,8.5,Lagerstroemia parviflora,Botdhairo,3.7,3.74603213,,
3027,27,,2,14.4,8.4,Zizyphus rugosa ,Dumrai,4.5,4.522218101,,
3027,28,,2,14.6,8.6,Buchannaia latifolia ,Sani/Piyari Bhalayo,3.4,3.410736719,,
3027,29,,2,15,11.1,Buchannaia latifolia ,Sani/Piyari Bhalayo,4,4.05517303,,
3027,30,,2,15,10.3,Terminalia alata ,Saj,5.5,5.31793761,,
3027,31,,2,15.1,10.6,Zizyphus rugosa ,Dumrai,3.2,3.170341906,,
3027,32,,2,16.3,5.6,Shorea robusta,Sal,4.7,4.830057019,7.5,6.9
3027,33,,2,17.7,5.4,Buchannaia latifolia ,Sani/Piyari Bhalayo,6.5,5.980357172,,
3027,34,,2,18.3,5.7,Shorea robusta,Sal,52.5,25.6765792,55.8,16.6
3027,35,,2,18,10.77,Buchannaia latifolia ,Sani/Piyari Bhalayo,6,5.662963823,,
3027,36,,3,18.8,11.65,Cleistocalyx operculatus ,Kyamuna,12,9.281511565,16.4,10.2
3027,37,,3,18.8,14.7,Buchannaia latifolia ,Sani/Piyari Bhalayo,4.5,4.522218101,,
3027,38,,3,17.1,13.2,Casearia graveolens,Barkaule,4.7,4.694649616,5.5,3.4
3027,39,,3,17,13.2,Lagerstroemia parviflora,Botdhairo,5.5,5.31793761,9.1,8
3027,40,,3,15.5,13.1,Lagerstroemia parviflora,Botdhairo,5.1,5.018527512,5.4,1.8
3027,41,,3,15.2,14.3,Lagerstroemia parviflora,Botdhairo,6.5,5.980357172,,
3027,42,,3,14.5,11.8,Glochidion acuminatum ,Latikath,6.3,5.856431461,,
3027,43,43a,3,13.2,12.1,Zizyphus rugosa ,Dumrai,5.5,5.31793761,,
3027,44,,3,12.3,11.7,Lagerstroemia parviflora,Botdhairo,5.1,5.018527512,7.5,2
3027,45,,3,10.7,13.1,Mellusa velutina,Karauta,5.5,5.31793761,,
3027,46,,3,10,12.7,Terminalia alata ,Saj,5,4.940004154,6.9,4.7
3027,48,,3,11.8,15.6,Adina cordifolia,Karma,6.8,6.159273234,13.2,11.1
3027,49,,3,8.2,15,Xeromphis spinosa ,MainKanda,4.1,4.153086647,,
3027,50,,3,7.5,12.7,Buchannaia latifolia ,Sani/Piyari Bhalayo,4.4,4.433106486,5.4,2
3027,51,,3,5.2,14.6,Buchannaia latifolia ,Sani/Piyari Bhalayo,4.6,4.60937106,,
3027,52,,3,4.6,12.2,Casearia graveolens,Barkaule,5.8,5.528534,,
3027,53,,3,5.5,11.6,Buchannaia latifolia ,Sani/Piyari Bhalayo,3.4,3.410736719,,
3027,54,,3,6.3,10.6,Glochidion acuminatum ,Latikath,6.6,6.040897279,,
3027,55,,3,2.9,11.7,Shorea robusta,Sal,54,25.95106496,59.8,20
3027,57,43b,3,13.2,12.1,Zizyphus rugosa ,Dumrai,7.3,6.440618153,,
3027,58,,3,19.5,15,Shorea robusta,Sal,49,25.00434026,53.3,20.2
3027,59,,1,1.3,1,Shorea robusta,Sal,,,13,13.8
3027,60,,1,3,1,Shorea robusta,Sal,,,17.4,14.8
3027,61,,1,5.3,1,Lagerstroemia parviflora,Botdhairo,,,12.7,11.9
3027,62,,2,3.7,15.5,Shorea robusta,Sal,,,,
3027,63,,2,11.4,6.8,Shorea robusta,Sal,,,,
3027,64,,2,12,8.5,Xeromphis spinosa ,MainKanda,,,,
3027,65,,2,15.2,5.6,Lagerstroemia parviflora,Botdhairo,,,,
3027,66,,2,15,8.9,Shorea robusta,Sal,,,7,5.6
3027,67,,2,17,7,Casearia graveolens,Barkaule,,,5.8,6.4
3027,68,,2,17.5,5.2,Shorea robusta,Sal,,,5.3,2.3
3027,69,,2,19.8,6.3,Shorea robusta,Sal,,,11.7,7.6
3027,69,,4,22,24,Shorea robusta,Sal,,,10.5,14.2
3027,70,,2,19,9,Casearia graveolens,Barkaule,,,,
3027,71,,3,23.8,10.5,Buchannaia latifolia ,Sani/Piyari Bhalayo,,,15.5,12.4
3027,72,,3,19.6,11.1,Casearia graveolens,Barkaule,,,6.3,5.2
3027,73,,3,11.5,12.4,Shorea robusta,Sal,,,8.5,8.7
3027,74,,3,10.7,11.8,Shorea robusta,Sal,,,7.8,7.5
3027,75,,3,9.9,10.1,Shorea robusta,Sal,,,6.2,4.3
3027,76,,3,8.2,12.5,Shorea robusta,Sal,,,7.2,3.2
3027,77,,3,7.5,10.5,Xeromphis spinosa ,MainKanda,,,,
3027,78,,3,7.9,15.5,Shorea robusta,Sal,,,8.3,7.7
3027,79,,4,10.3,22.1,Buchannaia latifolia ,Sani/Piyari Bhalayo,,,14.8,9.5
3027,80,80a,4,5,20.1,Cleistocalyx operculatus ,Kyamuna,,,14.6,9.1
3027,81,80b,4,5,20.1,Adina cordifolia,Karma,,,12.9,14.4
3027,82,,1,19,1,Syzygium cumini,Jamun,,,,
3027,83,,1,13.5,1,Lagerstroemia parviflora,Botdhairo,,,12.5,10.2
3027,84,,1,11.6,1,Shorea robusta,Sal,,,11.9,12.8
3027,85,,1,11.3,1,Buchannaia latifolia ,Sani/Piyari Bhalayo,,,10.9,11.4
3027,86,,1,8.1,1,Glochidion acuminatum ,Latikath,,,,
3027,87,,2,5.3,6.6,Lagerstroemia parviflora,Botdhairo,,,,
3027,88,,2,7.2,7.6,Casearia graveolens,Barkaule,,,,
3027,89,,2,15,9.7,Shorea robusta,Sal,,,3.8,2
3027,90,,3,7.5,12.5,Shorea robusta,Sal,,,4.7,2
3027,91,,3,5.7,13,Shorea robusta,Sal,,,4.5,4.3
3027,92,,1,8.5,1,Shorea robusta,Sal,,,11.2,18.4
3027,93,,1,13.3,1,Shorea robusta,Sal,,,10,10.9
3027,94,,1,23.5,1,Shorea robusta,Sal,,,11,10.3
3027,95,,4,15.5,20,Casearia graveolens,Barkaule,,,11.2,7.4
3027,96,,4,9,21.5,Shorea robusta,Sal,,,11.2,7.7
3027,97,,4,8.6,21.7,Shorea robusta,Sal,,,10,12.7
3027,98,,4,4,24.5,Shorea robusta,Sal,,,12.5,12.3
3028,1,,1,3,1,Shorea robusta,Sal,14.3,13.00450483,16.9,13.4
3028,2,,1,1.5,1,Shorea robusta,Sal,12,11.29593643,19.8,14.3
3028,3,,1,2.3,1,Shorea robusta,Sal,13.7,12.58685804,21.5,15.6
3028,4,,1,9.3,1,Casearia illiptica/elliptica,Putali kath,11.7,9.077305721,,
3028,5,,1,13.4,1,Mallotus philippensis ,Sindhure,13.2,10.05025488,20.5,9.2
3028,6,,1,19.6,1,Lagerstroemia parviflora,Botdhairo,15.6,11.39766301,24.8,19
3028,7,,1,18.1,1,Mallotus philippensis ,Sindhure,13.4,10.17154589,10.5,6.1
3028,8,,1,20.6,1,Shorea robusta,Sal,20.2,16.37016902,30,22.8
3028,9,,1,20.2,1,Shorea robusta,Sal,10.7,10.17870692,13.8,12.4
3028,10,,2,18.7,10.8,Casearia graveolens,Barkaule,6,5.662963823,8.7,8.4
3028,11,,2,15,5.1,Lagerstroemia parviflora,Botdhairo,5.6,5.38938639,14.5,12.2
3028,12,,2,10.4,10.7,Shorea robusta,Sal,14.2,12.93612841,20.9,16.7
3028,14,,2,10.2,9.2,Lagerstroemia parviflora,Botdhairo,5.6,5.38938639,,
3028,15,,2,14.9,7.8,Shorea robusta,Sal,2.8,2.582339385,,
3028,16,16a,2,7.7,9.3,Mallotus philippensis ,Sindhure,5.5,5.31793761,,
3028,17,16b,2,7.7,9.3,Mallotus philippensis ,Sindhure,8.4,6.997177183,15,10.2
3028,18,,2,6.7,9.6,Shorea robusta,Sal,12.3,11.53653137,,
3028,19,,2,5.1,9.8,Shorea robusta,Sal,5.5,5.512195296,7.1,5.6
3028,20,,2,6.7,6.5,Lagerstroemia parviflora,Botdhairo,6.5,5.980357172,10,10.3
3028,21,,2,2.9,5.5,Shorea robusta,Sal,37.5,22.39812831,,
3028,22,,2,1.1,7.2,Mallotus philippensis ,Sindhure,10.8,8.431705254,17.8,11.9
3028,23,,3,0.1,10.3,Lagerstroemia parviflora,Botdhairo,16.1,11.6521226,18.8,12.8
3028,24,,3,3.6,14,Lagerstroemia parviflora,Botdhairo,29.4,16.50908874,35,20.9
3028,25,,3,5.7,14.4,Casearia graveolens,Barkaule,5.9,5.596318557,8,6.7
3028,26,,3,6.4,13.2,Lagerstroemia parviflora,Botdhairo,8,6.803709545,,
3028,27,,3,8,10.6,Lagerstroemia parviflora,Botdhairo,9.3,7.400776101,12.6,13.3
3028,28,,3,7.4,10,Shorea robusta,Sal,12.1,11.37679665,17.1,12.8
3028,29,,3,11,12.3,Cassia fistula,Rajbrikhsa,5.5,5.31793761,7.5,7.3
3028,30,,3,11.2,11.8,Shorea robusta,Sal,5,5.098577709,8.5,8.2
3028,31,,3,12.4,12.1,Shorea robusta,Sal,6.8,6.43296906,9.2,8.4
3028,32,,3,13.2,10.4,Shorea robusta,Sal,6,5.889798569,,
3028,33,33a,3,14,12.3,Xeromphis spinosa ,MainKanda,5.3,5.171057856,,
3028,34,33b,3,14,12.3,Xeromphis spinosa ,MainKanda,6.2,5.792985308,8.5,8.2
3028,35,,3,11.5,15.3,Shorea robusta,Sal,6,5.889798569,8.3,9.2
3028,36,,3,10.4,14.8,Shorea robusta,Sal,4,4.130201639,6.5,5.5
3028,37,,3,12,14.6,Shorea robusta,Sal,4.8,4.921422499,8,9.2
3028,38,,3,10.4,13.7,Glochidion acuminatum ,Latikath,15.5,11.34579338,,
3028,39,,3,14.4,14.3,Shorea robusta,Sal,12.3,11.53653137,19.7,13.6
3028,40,,3,17,13.7,Xeromphis spinosa ,MainKanda,11.1,8.65269716,12.7,4.1
3028,41,,3,16.5,13.3,Shorea robusta,Sal,21.8,17.11289798,29.8,20.7
3028,42,,3,16.6,12.4,Mallotus philippensis ,Sindhure,4.1,4.153086647,6.8,6.4
3028,43,,3,19.5,12.2,Xeromphis spinosa ,MainKanda,9.3,7.400776101,,
3028,44,,3,20,12.9,Lagerstroemia parviflora,Botdhairo,7.7,6.65215097,10.5,7.7
3028,45,,3,20,10.4,Xeromphis spinosa ,MainKanda,4.6,4.60937106,,
3028,46,,4,23.6,22.1,Shorea robusta,Sal,87.4,30.64271784,95,25.4
3028,47,,4,21.2,20.6,Lagerstroemia parviflora,Botdhairo,11.8,9.145950391,16,12.9
3028,48,,4,17,23.6,Casearia graveolens,Barkaule,11.6,9.00807182,16,6.6
3028,49,,4,11,23.4,Shorea robusta,Sal,23.4,17.80299871,31.5,21.1
3028,50,,4,4.6,22.9,Adina cordifolia,Karma,40,18.99239501,46,7.4
3028,51,,4,1.7,20.3,Terminalia bellirica ,Barro,38.9,18.76748133,44.8,24.9
3028,53,,1,5,1,Shorea robusta,Sal,11.5,10.88125257,19.9,17.9
3028,54,,3,7,11,Mallotus philippensis ,Sindhure,7.3,6.440618153,13.1,10.5
3028,55,,1,23,1,Shorea robusta,Sal,12.1,11.37679665,16.8,15
3028,56,,1,24.2,1,Shorea robusta,Sal,13.1,12.15050453,17.1,12.2
3028,57,,2,24.2,5.2,Shorea robusta,Sal,,,13.5,11.4
3028,58,,2,14.4,8.5,Mallotus philippensis ,Sindhure,,,,
3028,59,,3,11.3,10.2,Casearia graveolens,Barkaule,,,7.9,8
3028,60,,2,9.8,10.8,Shorea robusta,Sal,,,7.5,7.6
3028,61,,3,5,10.4,Casearia graveolens,Barkaule,,,7.2,5.9
3028,62,,4,14,25.8,Shorea robusta,Sal,,,14.7,11.9
3028,63,,4,16,25.8,Lagerstroemia parviflora,Botdhairo,,,14.6,10.7
3028,64,,4,14,22.5,Shorea robusta,Sal,,,13.5,13.2
3028,65,,1,8.7,1,Shorea robusta,Sal,,,14,13.2
3028,66,,1,5.6,1,Mallotus philippensis ,Sindhure,,,14,13.2
3028,67,,2,23.4,9,Shorea robusta,Sal,,,,
3028,68,,3,9.8,14.1,Shorea robusta,Sal,,,5.1,4.9
3028,70,,4,22.3,21.5,Sapium insigne,Khirro,,,12.1,9.3
3029,1,,2,19.7,10.56,Lagerstroemia parviflora,Botdhairo,7.8,6.703316841,9.9,11.3
3029,2,,2,18.9,10.2,Shorea robusta,Sal,4.2,4.341936314,9.5,6.1
3029,3,,2,20,7,Terminalia alata ,Saj,4.2,4.248640668,,
3029,4,,2,18.5,5.8,Lagerstroemia parviflora,Botdhairo,8.5,7.044104358,13.1,13
3029,5,,2,17,5.4,Terminalia alata ,Saj,5,4.940004154,,
3029,6,,2,15,7.5,Shorea robusta,Sal,7.5,6.858174638,,
3029,7,,2,13.8,6.6,Shorea robusta,Sal,2.7,2.424514719,,
3029,8,,2,12.8,5.7,Cleistocalyx operculatus ,Kyamuna,7.1,6.330463847,7.3,1.5
3029,9,,2,11,5.6,Semecarpus anacardium,Bhalayo,23.5,14.7024183,29,15.2
3029,10,,2,12.3,10.3,Casearia graveolens,Barkaule,4.2,4.248640668,,
3029,11,,2,11.9,10.5,Terminalia alata ,Saj,4.2,4.248640668,,
3029,12,,2,10.2,7.2,Lagerstroemia parviflora,Botdhairo,14,10.5248447,15.2,4.1
3029,13,,2,9,6.2,Shorea robusta,Sal,6,5.889798569,10,10.3
3029,14,,2,8,6,Cassia fistula,Rajbrikhsa,7.2,6.385923492,12.5,9.4
3029,15,,2,8.2,10.46,Shorea robusta,Sal,3.7,3.791871937,10.2,12.1
3029,16,,2,6,8.7,Shorea robusta,Sal,6.2,6.032096563,13.1,12.5
3029,17,,2,4.6,7.2,Lagerstroemia parviflora,Botdhairo,5.6,5.38938639,,
3029,18,,2,6.4,5.7,Lagerstroemia parviflora,Botdhairo,9.8,7.608430874,13.8,11.6
3029,19,,3,0.9,10.2,Cassia fistula,Rajbrikhsa,14.8,10.97305445,20,16.2
3029,20,,3,5.6,11.7,Shorea robusta,Sal,5,5.098577709,9.5,10.3
3029,21,,3,8,14.2,Shorea robusta,Sal,7.1,6.620323334,14.6,13.2
3029,22,,3,11,13,Shorea robusta,Sal,6,5.889798569,13.5,10.5
3029,23,,3,13.8,12.8,Shorea robusta,Sal,12.5,11.69368962,20.1,15.7
3029,24,,3,14.6,12.9,Shorea robusta,Sal,6,5.889798569,8.7,7.6
3029,25,,3,14.3,11.6,Lagerstroemia parviflora,Botdhairo,7.7,6.65215097,12.2,8.4
3029,26,,3,15.9,13.2,Shorea robusta,Sal,4.2,4.341936314,8.7,7.6
3029,27,,3,14.8,13.7,Shorea robusta,Sal,4.7,4.830057019,9.5,5.2
3029,28,,3,15.6,10.7,Lagerstroemia parviflora,Botdhairo,4.9,4.859894359,8,7.8
3029,29,,3,18.8,12,Lagerstroemia parviflora,Botdhairo,5,4.940004154,7.1,5.8
3029,30,,3,22.4,10.8,Shorea robusta,Sal,10.4,9.901619053,19,12.8
3029,31,,4,21.3,22.3,Shorea robusta,Sal,12.5,11.69368962,17.2,13.8
3029,32,,4,24,25.3,Shorea robusta,Sal,19.6,16.07636988,23,18.2
3029,33,,4,9.5,20.9,Semecarpus anacardium,Bhalayo,32.8,17.39174928,,
3029,34,,4,5,24.9,Shorea robusta,Sal,11.5,10.88125257,20.2,15.7
3029,35,,4,24,23,Shorea robusta,Sal,,,17.1,16.7
3029,36,,4,22,20.6,Shorea robusta,Sal,,,13.7,12.9
3029,38,,4,2.7,21.5,Shorea robusta,Sal,,,12.8,12.6
3029,39,,3,1.7,10.4,Shorea robusta,Sal,,,12.5,11.4
3029,40,,3,6,15.3,Cleistocalyx operculatus ,Kyamuna,,,,
3029,41,,3,7.3,14,Shorea robusta,Sal,,,7,6.6
3029,42,,3,7.3,13,Shorea robusta,Sal,,,5.5,3.3
3029,43,,3,9.4,15.5,Lagerstroemia parviflora,Botdhairo,,,8.7,9.4
3029,44,,3,14.9,13,Shorea robusta,Sal,,,6.5,7.5
3029,45,,3,11.5,15,Shorea robusta,Sal,,,7.5,9.1
3029,46,,3,15.6,11.8,Shorea robusta,Sal,,,7.5,5.1
3029,47,,3,16,13.4,Shorea robusta,Sal,,,,
3029,48,,3,15.8,11,Shorea robusta,Sal,,,,
3029,49,,3,16.7,15.3,Shorea robusta,Sal,,,8,10
3029,50,,3,19.8,14.6,Shorea robusta,Sal,,,5.4,4
3029,51,,3,20,11,Lagerstroemia parviflora,Botdhairo,,,5.8,5
3029,52,,2,17.8,9.8,Shorea robusta,Sal,,,5.7,1.5
3029,53,,2,18.4,6.5,Shorea robusta,Sal,,,12.2,12.5
3029,54,,2,16.5,6,Shorea robusta,Sal,,,8.4,7.2
3029,55,55a,2,13.8,6.8,Lagerstroemia parviflora,Botdhairo,,,,
3029,56,55b,2,13.8,6.8,Lagerstroemia parviflora,Botdhairo,,,8.3,1
3029,57,,2,13.8,5.8,Casearia graveolens,Barkaule,,,,
3029,58,,2,13.9,5.6,Shorea robusta,Sal,,,7,5.5
3029,59,,2,7,8.2,Shorea robusta,Sal,,,11.3,10.7
3029,60,,2,7.6,9.2,Shorea robusta,Sal,,,,
3029,61,,2,8.4,7.5,Shorea robusta,Sal,,,8.7,8
3029,62,,1,20,1,Shorea robusta,Sal,,,15.6,10.7
3029,63,,1,7,1,Shorea robusta,Sal,,,13,10.1
3029,64,,1,6.1,1,Shorea robusta,Sal,,,12.3,10.8
3029,65,,1,14,1,Shorea robusta,Sal,,,11.6,7.8
3029,66,,2,1,7.4,Shorea robusta,Sal,,,,
3029,67,,2,21,10.16,Shorea robusta,Sal,,,13.1,9.4
3029,68,,3,21.7,14.06,Shorea robusta,Sal,,,10.8,8.3
3029,69,,3,22.4,13.46,Shorea robusta,Sal,,,10.2,10.2
3029,70,,4,16.7,23.06,Shorea robusta,Sal,,,11.8,9.2
3029,71,,4,15.5,20.7,Shorea robusta,Sal,,,12.5,10.2
3029,72,,4,7.9,23.6,Shorea robusta,Sal,,,13.5,13
3029,73,,4,5.1,22.1,Shorea robusta,Sal,,,13.3,12.3
3029,74,,4,0.6,22.3,Lagerstroemia parviflora,Botdhairo,,,15.5,14.2
3029,75,,4,1,24.36,Shorea robusta,Sal,,,14.8,13.3
3030,1,,1,4.5,1,Mallotus philippensis ,Sindhure,29,16.39859798,31.5,17.6
3030,2,,1,7.7,1,Mallotus philippensis ,Sindhure,16.9,12.04326348,21.9,8.7
3030,3,,1,13.9,1,Mallotus philippensis ,Sindhure,25,15.20148674,26.7,16
3030,4,,1,18.6,1,Casearia graveolens,Barkaule,11.5,8.938238483,12,7.1
3030,5,,1,21.4,1,Shorea robusta,Sal,14.5,13.13983478,18,13
3030,6,6a,1,21,1,Mallotus philippensis ,Sindhure,23.1,14.56394794,25,13.7
3030,7,6b,1,21,1,Mallotus philippensis ,Sindhure,18.8,12.90260936,19.5,13.1
3030,9,,2,18.7,7.9,Shorea robusta,Sal,7.9,7.083664317,9.8,10.1
3030,10,,2,16.3,10,Shorea robusta,Sal,21.7,17.06809974,32.2,24.6
3030,11,,2,12.9,6.6,Dillenia pentagyna ,Tatari,2.3,1.860834545,,
3030,12,,2,11.5,8,Casearia graveolens,Barkaule,8.3,6.949687993,8.8,8.2
3030,13,,2,11,6.5,Shorea robusta,Sal,6.5,6.237159907,7.3,8.8
3030,14,,2,9.7,8.4,Shorea robusta,Sal,2.2,1.535768407,,
3030,15,,2,9.4,8.3,Lagerstroemia parviflora,Botdhairo,26,15.51782925,28.5,25.4
3030,16,,2,7.65,10.3,Mallotus philippensis ,Sindhure,4.3,4.34194615,7.6,11.1
3030,17,,2,4.9,5.2,Cleistocalyx operculatus ,Kyamuna,15.3,11.24104256,16.5,11.9
3030,18,,2,3.1,6.7,Shorea robusta,Sal,26.7,19.08844792,37.7,26.2
3030,19,,3,0.3,13.1,Mallotus philippensis ,Sindhure,21.8,14.09676124,24,15.4
3030,20,,3,1.1,15.2,Shorea robusta,Sal,21.5,16.97788058,24.1,15.2
3030,21,,3,8,14.1,Mallotus philippensis ,Sindhure,4.5,4.522218101,6.1,1.5
3030,22,,3,10.6,14.5,Mallotus philippensis ,Sindhure,7.2,6.385923492,14.5,22.3
3030,23,,3,11,15.1,Shorea robusta,Sal,8.8,7.551870046,,
3030,24,,3,11.5,12.2,Cleistocalyx operculatus ,Kyamuna,8.5,7.044104358,8.2,5.2
3030,25,,3,16.2,10.7,Shorea robusta,Sal,19.7,16.12595574,26.8,21
3030,26,,3,18.9,10.3,Lagerstroemia parviflora,Botdhairo,12.5,9.610769526,16,13
3030,27,,3,20.4,10.3,Shorea robusta,Sal,26.6,19.05188652,30,22.5
3030,28,,3,22.5,10.8,Mallotus philippensis ,Sindhure,13.7,10.35012957,14.4,
3030,30,,4,22.7,22.8,Shorea robusta,Sal,10,9.519468112,12.8,13.1
3030,31,,4,18.5,21.8,Dillenia pentagyna ,Tatari,23,14.5289557,24.8,17.2
3030,32,,4,17,25.38,Mallotus philippensis ,Sindhure,16.7,11.94724211,25.5,13.6
3030,33,,4,14.4,22.7,Shorea robusta,Sal,15.8,13.97643285,18.5,13.7
3030,34,,4,13.2,20.3,Shorea robusta,Sal,13.4,12.37112376,15.8,14.5
3030,35,,4,8.2,23.5,Mallotus philippensis ,Sindhure,14.8,10.97305445,19.1,13.9
3030,36,,4,3.9,21,Shorea robusta,Sal,14,12.797919,17.1,20.7
3030,37,,4,24.3,22.8,Shorea robusta,Sal,,,,
3030,38,,1,8.7,1,Lagerstroemia parviflora,Botdhairo,,,13.7,10.3
3030,39,,2,21,9,Shorea robusta,Sal,,,10.4,11
3030,40,,3,2,11.5,Shorea robusta,Sal,,,11.8,14.1
3031,1,,1,4.7,1,Shorea robusta,Sal,15.8,13.97643285,21.1,15.8
3031,2,,1,7.4,1,Glochidion acuminatum ,Latikath,12.8,9.802059915,,
3031,3,,2,6,5.5,Lagerstroemia parviflora,Botdhairo,6.1,5.728507464,10.2,10.8
3031,4,,2,7,5.7,Cleistocalyx operculatus ,Kyamuna,5,4.940004154,9.5,10.8
3031,5,,2,11.5,6.5,Cleistocalyx operculatus ,Kyamuna,4,4.05517303,9.3,8
3031,6,,2,14.7,8.8,Semecarpus anacardium,Bhalayo,21.4,13.94739216,21.5,7.2
3031,7,,2,14.7,8.62,Cleistocalyx operculatus ,Kyamuna,3.3,3.292360764,7.3,4.9
3031,8,8a,2,15.2,8.82,Terminalia alata ,Saj,3,2.914427308,,
3031,9,8b,2,15.2,8.82,Terminalia alata ,Saj,2,1.306636515,9.2,2.2
3031,10,,2,16.4,9.32,Terminalia alata ,Saj,5.8,5.528534,,
3031,11,,2,18.5,9.52,Lagerstroemia parviflora,Botdhairo,6.3,5.856431461,11.9,8.1
3031,12,,2,18.1,8.12,Xeromphis spinosa ,MainKanda,4.7,4.694649616,6.7,7.2
3031,13,,2,18,6.5,Lagerstroemia parviflora,Botdhairo,7.1,6.330463847,,
3031,14,,3,18.2,14.12,Terminalia alata ,Saj,5.4,5.245177771,,
3031,15,,3,16,12.1,Cleistocalyx operculatus ,Kyamuna,5.3,5.171057856,12,8.9
3031,16,,3,13.9,14.42,Shorea robusta,Sal,4.3,4.444051614,13.5,12.9
3031,17,,3,11.9,11.8,Terminalia alata ,Saj,4.9,4.859894359,6.9,2.2
3031,18,,3,12.14,15.02,Cleistocalyx operculatus ,Kyamuna,5.8,5.528534,,
3031,19,,3,9.9,14.49,Buchannaia latifolia ,Sani/Piyari Bhalayo,9.5,7.485147369,,
3031,20,,3,9,13.1,Terminalia alata ,Saj,5.2,5.095526048,,
3031,21,,3,7.8,10.9,Casearia graveolens,Barkaule,8.5,7.044104358,12.5,9
3031,22,,3,5.2,11.6,Semecarpus anacardium,Bhalayo,31.7,17.11661345,33,11
3031,23,,4,1.4,22,Lagerstroemia parviflora,Botdhairo,10.5,8.204487412,14.2,16.9
3031,24,,4,9.6,20.7,Semecarpus anacardium,Bhalayo,10.5,8.204487412,13.1,10.8
3031,25,,4,19,22.4,Semecarpus anacardium,Bhalayo,18,12.55187149,18.6,10.4
3031,26,,1,9.7,1,Shorea robusta,Sal,,,16.4,16.4
3031,27,,1,10,1,Shorea robusta,Sal,,,16.7,18.6
3031,28,,1,6.5,1,Shorea robusta,Sal,,,15.2,16.7
3031,29,,2,7.6,5.5,Shorea robusta,Sal,,,9.5,7.3
3031,30,,2,9,6.5,Shorea robusta,Sal,,,6.5,7.9
3031,31,,2,10,7,Shorea robusta,Sal,,,10.2,11.2
3031,32,,2,10.5,5.4,Cleistocalyx operculatus ,Kyamuna,,,,
3031,33,,2,10.8,5.6,Shorea robusta,Sal,,,4.2,3.2
3031,34,,2,17.2,7.2,Cleistocalyx operculatus ,Kyamuna,,,5.5,6.5
3031,35,,3,19.2,14,Cleistocalyx operculatus ,Kyamuna,,,8.5,8.7
3031,36,,3,17,14,Shorea robusta,Sal,,,9.8,6.5
3031,37,,3,14.1,13,Buchannaia latifolia ,Sani/Piyari Bhalayo,,,4.7,4.4
3031,38,,3,13.9,13.1,Shorea robusta,Sal,,,6,4.7
3031,39,,3,10.2,13.1,Shorea robusta,Sal,,,6.9,8.7
3031,40,,3,5.1,12.5,Shorea robusta,Sal,,,8.8,8
3031,41,,1,3,1,Casearia graveolens,Barkaule,,,10.5,7.3
3031,42,,1,5,1,Shorea robusta,Sal,,,11.2,9.5
3031,43,,1,13,1,Cleistocalyx operculatus ,Kyamuna,,,12.3,10.9
3031,44,,1,11.9,1,Cleistocalyx operculatus ,Kyamuna,,,10.5,9.6
3031,45,,1,21.4,1,Cleistocalyx operculatus ,Kyamuna,,,13.2,9.5
3031,46,,1,24.8,1,Cleistocalyx operculatus ,Kyamuna,,,11.8,5.9
3031,47,,2,19,10,Semecarpus anacardium,Bhalayo,,,6.5,2.5
3031,48,,2,14.4,10.2,Shorea robusta,Sal,,,9.9,9.2
3031,49,,2,13,10.2,Shorea robusta,Sal,,,,
3031,50,,2,10,10.2,Shorea robusta,Sal,,,,
3031,51,,2,10.2,9,Casearia graveolens,Barkaule,,,,
3031,52,,2,1,6.3,Shorea robusta,Sal,,,11.2,12.3
3031,53,,3,0.8,15,Shorea robusta,Sal,,,11.8,11.2
3031,54,,3,4.6,15,Artocarpus lacucha,Badahar,,,14.2,12.2
3031,55,,3,10,15.2,Shorea robusta,Sal,,,11.2,11
3031,56,,4,21,21.5,Cleistocalyx operculatus ,Kyamuna,,,17.2,11.5
3031,57,,4,19.8,24.8,Shorea robusta,Sal,,,11.8,12.2
3031,58,,4,24,25.2,Semecarpus anacardium,Bhalayo,,,,
3031,59,,4,15,24.8,Cleistocalyx operculatus ,Kyamuna,,,13.2,11.8
3031,60,,4,13.4,25.2,Shorea robusta,Sal,,,13.3,12.7
3031,61,,4,12.5,21,Shorea robusta,Sal,,,12.3,14.7
3031,62,,4,7.4,24,Cleistocalyx operculatus ,Kyamuna,,,12,12.2
3031,63,,4,2,23,Artocarpus lacucha,Badahar,,,12.5,14.8
3031,64,,3,14,13.6,Shorea robusta,Sal,,,9,7.5
3031,65,,1,18.7,1,Lagerstroemia parviflora,Botdhairo,,,11.3,10.1
3031,66,,2,12.5,6.5,Lagerstroemia parviflora,Botdhairo,,,10.7,12.8
3031,67,,2,2.3,9.2,Shorea robusta,Sal,,,10.2,12.6
3031,68,,2,3.1,9.3,Shorea robusta,Sal,,,10,10.8
3031,69,,4,23.4,21.1,Semecarpus anacardium,Bhalayo,,,10.2,7.7
3031,70,,2,7,10.2,Shorea robusta,Sal,,,10.7,13.2
3031,71,,3,1.5,12.5,Shorea robusta,Sal,,,11.5,12.3
3031,72,,4,0.6,22.5,Cleistocalyx operculatus ,Kyamuna,,,10.5,9.3
3032,1,,1,3.4,1,Shorea robusta,Sal,56.3,26.35747527,60.3,18.5
3032,2,,1,20.8,1,Cleistocalyx operculatus ,Kyamuna,14.2,10.63925371,19.3,11.6
3032,3,,2,24.8,9.8,Cleistocalyx operculatus ,Kyamuna,10.4,8.127303091,16.1,14.1
3032,4,,2,19.2,9.9,Shorea robusta,Sal,7.8,7.028380767,12,12.5
3032,5,,2,18.9,9.1,Lagerstroemia parviflora,Botdhairo,11.3,8.796731345,,
3032,6,,2,18.6,8.6,Shorea robusta,Sal,6.2,6.032096563,10.4,9.9
3032,7,,2,17.4,6.8,Shorea robusta,Sal,5.3,5.351447289,10.8,8.8
3032,8,,2,15.5,9.7,Semecarpus anacardium,Bhalayo,9.3,7.400776101,10.3,6.5
3032,9,,2,15,9.6,Shorea robusta,Sal,3.1,3.024045743,,
3032,10,,2,13.7,7.3,Lagerstroemia parviflora,Botdhairo,4.5,4.522218101,8.5,6.5
3032,11,,2,13,7.3,Shorea robusta,Sal,2.8,2.582339385,,
3032,12,,2,14.2,5.6,Careya arborea,Kumbhi,2.6,2.346989533,,
3032,13,,2,10,6.9,Shorea robusta,Sal,40.8,23.21991473,,
3032,14,,2,10.6,8.6,Glochidion acuminatum ,Latikath,9.4,7.443186131,,
3032,15,,2,12.5,9.1,Shorea robusta,Sal,2,1.122150819,6.4,6
3032,16,,2,13,10.4,Shorea robusta,Sal,2.1,1.333885495,6.5,5.5
3032,17,,2,5.8,10.8,Shorea robusta,Sal,62.3,27.34417935,,
3032,18,,3,0.9,15.7,Syzygium cumini,Jamun,31.2,16.98838023,35.4,11.8
3032,19,,3,12.3,12.7,Terminalia alata ,Saj,37.8,18.53611553,40.1,16.3
3032,20,,3,12.1,10.2,Semecarpus anacardium,Bhalayo,9.1,7.314570532,9.7,4.5
3032,21,,3,15,10.6,Shorea robusta,Sal,7.4,6.799922757,11.4,11.3
3032,22,,3,17.8,11.5,Shorea robusta,Sal,4.9,5.01090402,7.3,4.9
3032,23,,3,16.5,15.8,Xeromphis spinosa ,MainKanda,4.5,4.522218101,,
3032,24,24a,4,17.2,20.4,Cleistocalyx operculatus ,Kyamuna,20.7,13.67914939,22.3,12.7
3032,25,24b,4,17.2,20.4,Cleistocalyx operculatus ,Kyamuna,22.3,14.27966477,,
3032,26,,4,8.8,22.2,Semecarpus anacardium,Bhalayo,16.1,11.6521226,19,5.8
3032,27,,2,16,9,Shorea robusta,Sal,,,6.8,6.9
3032,28,,2,18,9.9,Shorea robusta,Sal,,,5.2,4.3
3032,29,,2,13.3,8.9,Casearia graveolens,Barkaule,,,3.6,4
3032,30,,2,12,5.3,Cleistocalyx operculatus ,Kyamuna,,,,
3032,31,,3,13.7,11.6,Shorea robusta,Sal,,,7.1,6.9
3032,32,,3,12.7,11.9,Shorea robusta,Sal,,,7.8,7.2
3032,33,,3,17,14.9,Careya arborea,Kumbhi,,,7,8
3032,34,,1,9.5,1,Lagerstroemia parviflora,Botdhairo,,,10.6,6.6
3032,35,,1,12.5,1,Cleistocalyx operculatus ,Kyamuna,,,10.2,8.2
3032,36,,2,8.9,8.6,Cleistocalyx operculatus ,Kyamuna,,,6.5,4.1
3032,37,,2,10.6,8.8,Cleistocalyx operculatus ,Kyamuna,,,,
3032,38,,2,17.8,5.7,Shorea robusta,Sal,,,7.5,6
3032,39,,2,19.6,8.4,Lagerstroemia parviflora,Botdhairo,,,6,4.5
3032,40,,2,19.8,10.35,Shorea robusta,Sal,,,4.7,5
3032,41,,2,22,10.45,Shorea robusta,Sal,,,11.7,10.5
3032,42,,2,24.3,10.5,Shorea robusta,Sal,,,12,10.5
3032,43,,3,10,15.3,Shorea robusta,Sal,,,5.5,10.4
3032,44,,3,10.5,15.3,Shorea robusta,Sal,,,7,6.2
3032,45,,3,9,15.3,Shorea robusta,Sal,,,,
3032,46,,3,11.8,14.35,Shorea robusta,Sal,,,7.5,8
3032,47,,3,12,10.25,Shorea robusta,Sal,,,,
3033,1,,1,3.3,1,Shorea robusta,Sal,33.8,21.38596188,37.4,22.6
3033,2,,1,12.5,1,Cleistocalyx operculatus ,Kyamuna,10.4,8.127303091,14.9,11.9
3033,3,,1,18.4,1,Lagerstroemia parviflora,Botdhairo,19.3,13.11431967,20.1,12.2
3033,4,,2,19,6.4,Shorea robusta,Sal,7,6.558766274,,
3033,5,,2,22,6.2,Semecarpus anacardium,Bhalayo,9.9,7.648688072,10.1,6.8
3033,6,,2,19,8.1,Shorea robusta,Sal,9.8,8.018954839,14.2,16.5
3033,7,,2,19.6,10.2,Myrsine sp.,Kaiyo,8.7,7.136324794,9.9,8
3033,8,,2,18.3,9.2,Shorea robusta,Sal,10.1,9.616420156,13.5,16
3033,9,9a,2,17.4,9.2,Myrsine sp.,Kaiyo,10.8,8.431705254,12.5,8.8
3033,10,9b,2,17.4,9.2,Myrsine sp.,Kaiyo,12.5,9.610769526,14.5,8.4
3033,11,,2,16,10.3,Shorea robusta,Sal,6.4,6.169876389,8.2,7.3
3033,12,,2,16.4,7,Shorea robusta,Sal,13.9,12.7280721,21.1,20.7
3033,13,,2,16.2,6.4,Myrsine sp.,Kaiyo,5.5,5.31793761,7.7,6
3033,14,,2,15,10,Shorea robusta,Sal,6.9,6.49632347,10.2,12.7
3033,15,15a,2,15,9.6,Myrsine sp.,Kaiyo,4,4.05517303,7.6,6.9
3033,16,15b,2,15,9.6,Myrsine sp.,Kaiyo,2.3,1.860834545,,
3033,17,,2,14.2,8.2,Shorea robusta,Sal,9.4,7.838107839,16,15.1
3033,18,,2,14.2,10.3,Shorea robusta,Sal,8.5,7.40134513,10.7,11.8
3033,19,,2,11.1,7.2,Cleistocalyx operculatus ,Kyamuna,2,1.306636515,6.5,5.7
3033,20,,2,7.8,10.1,Myrsine sp.,Kaiyo,6,5.662963823,9.5,11
3033,21,,2,5.2,10.5,Lagerstroemia parviflora,Botdhairo,4.4,4.433106486,7.9,9.5
3033,22,,3,0.1,11,Semecarpus anacardium,Bhalayo,11.6,9.00807182,,
3033,23,,3,1.9,14.7,Shorea robusta,Sal,44.6,24.08759963,,
3033,24,,3,10.5,13.2,Shorea robusta,Sal,4.3,4.444051614,7.9,7.5
3033,25,,3,12,12.6,Shorea robusta,Sal,5.8,5.742676005,8.3,7.8
3033,26,,3,12,11,Lagerstroemia parviflora,Botdhairo,5.4,5.245177771,6.7,8
3033,27,,3,13,11,Buchannaia latifolia ,Sani/Piyari Bhalayo,5.7,5.459570523,7.2,8
3033,28,,3,13.4,11.1,Shorea robusta,Sal,6.3,6.101533244,10.2,14.3
3033,29,,3,12.8,11.6,Shorea robusta,Sal,8,7.138252458,11.4,12.2
3033,30,,3,13.4,11.1,Buchannaia latifolia ,Sani/Piyari Bhalayo,29,16.39859798,35.5,17.6
3033,31,,3,14.1,10.3,Lagerstroemia parviflora,Botdhairo,7.8,6.703316841,8.6,7.1
3033,32,,3,14.1,10.4,Buchannaia latifolia ,Sani/Piyari Bhalayo,4.9,4.859894359,5.7,5.2
3033,33,,3,16.1,10.4,Shorea robusta,Sal,9.2,7.74477736,11.4,11
3033,34,,3,18,10.5,Shorea robusta,Sal,11.2,10.62369749,17.5,20.2
3033,35,,3,18.8,10.4,Terminalia alata ,Saj,11.5,8.938238483,17.5,22.5
3033,36,,3,20,12.8,Buchannaia latifolia ,Sani/Piyari Bhalayo,9.3,7.400776101,11.5,11.5
3033,37,,3,21.5,10.7,Shorea robusta,Sal,10.1,9.616420156,12.8,13.1
3033,38,,3,20,13.5,Shorea robusta,Sal,5,5.098577709,6.3,6.6
3033,39,,3,21.4,13.9,Shorea robusta,Sal,17,14.68969754,23.5,18.5
3033,40,,3,22.4,14.8,Semecarpus anacardium,Bhalayo,13.2,10.05025488,13.7,5.6
3033,41,,3,22.9,11.7,Shorea robusta,Sal,10.1,9.616420156,13.7,14.6
3033,42,,3,23.7,10.9,Semecarpus anacardium,Bhalayo,10.5,8.204487412,,
3033,43,,4,16.3,22.7,Shorea robusta,Sal,53.2,25.80563539,54.2,19.9
3033,44,,4,19.8,20.3,Shorea robusta,Sal,10.5,9.994859956,15.6,14.5
3033,45,,4,11.3,24.2,Shorea robusta,Sal,10,9.519468112,17,14.5
3033,46,,4,8.5,24.5,Shorea robusta,Sal,12,11.29593643,19,5.6
3033,47,,2,8.8,7,Semecarpus anacardium,Bhalayo,,,7.2,6.7
3033,48,,3,10.1,11.5,Shorea robusta,Sal,,,8.3,8.8
3033,49,,1,21.5,1,Cleistocalyx operculatus ,Kyamuna,,,,
3033,50,,1,24.5,1,Myrsine sp.,Kaiyo,,,10.1,7.6
3033,51,,2,21.2,10.3,Shorea robusta,Sal,,,10.7,11.8
3033,52,,3,23,11,Shorea robusta,Sal,,,10.8,9.8
3034,1,,1,13.7,1,Syzygium cumini,Jamun,13.3,10.11112838,17.2,19.8
3034,2,,1,24.4,1,Shorea robusta,Sal,11.7,11.04924984,17.6,17.2
3034,3,,1,24.3,1,Lagerstroemia parviflora,Botdhairo,10.4,8.127303091,,
3034,4,,2,19.2,9.4,Sapium insigne,Khirro,4.2,4.248640668,,
3034,5,,2,18.9,7.1,Shorea robusta,Sal,10.6,10.08721705,18.6,18.1
3034,6,,2,18.2,7.6,Glochidion acuminatum ,Latikath,8.5,7.044104358,,
3034,7,,2,18.3,9.2,Lagerstroemia parviflora,Botdhairo,4,4.05517303,8.3,7.6
3034,8,,2,17,7,Mallotus philippensis ,Sindhure,6.3,5.856431461,,
3034,9,,2,16.6,7.9,Adina cordifolia,Karma,5.2,5.095526048,,
3034,10,,2,12.7,9.47,Glochidion acuminatum ,Latikath,11.2,8.725035762,,
3034,11,,2,12.4,9.9,Xeromphis spinosa ,MainKanda,2.8,2.640849875,,
3034,12,,2,13.3,10.17,Zizyphus rugosa ,Dumrai,4.8,4.778132699,,
3034,13,,2,15.4,5.6,Lagerstroemia parviflora,Botdhairo,6.5,5.980357172,12.4,18
3034,14,,2,10.8,5.8,Sapium insigne,Khirro,5.5,5.31793761,9.5,8.7
3034,15,,2,10,6,Syzygium cumini,Jamun,6.7,6.100526974,,
3034,16,,3,10.9,13.6,Sapium insigne,Khirro,2,1.306636515,5.7,4.2
3034,17,,2,8.5,10.37,Sapium insigne,Khirro,6.6,6.040897279,9.2,4.8
3034,18,,2,8.5,9.47,Terminalia alata ,Saj,8,6.803709545,,
3034,19,,2,8.3,7.4,Glochidion acuminatum ,Latikath,4.9,4.859894359,,
3034,20,,2,7.4,5.9,Lagerstroemia parviflora,Botdhairo,6.5,5.980357172,,
3034,21,,2,5.1,9.5,Lagerstroemia parviflora,Botdhairo,5.5,5.31793761,9,9
3034,22,,2,3.6,10.07,Shorea robusta,Sal,63.8,27.57599679,68.4,23.4
3034,23,,3,5.9,10.2,Lagerstroemia parviflora,Botdhairo,5.5,5.31793761,6.1,7.1
3034,24,,3,8.7,10.4,Terminalia alata ,Saj,6,5.662963823,,
3034,25,25a,3,8.2,13.9,Glochidion acuminatum ,Latikath,8.7,7.136324794,,
3034,26,25b,3,8.2,13.9,Glochidion acuminatum ,Latikath,4.8,4.778132699,,
3034,27,,3,9.5,15.07,Shorea robusta,Sal,78.5,29.59628776,86.2,32.2
3034,28,,3,12.5,13.6,Buchannaia latifolia ,Sani/Piyari Bhalayo,7,6.274217514,12.6,8.7
3034,29,,3,14.2,14.87,Terminalia alata ,Saj,9.9,7.648688072,11.8,13.4
3034,30,30a,3,15.6,13.2,Sapium insigne,Khirro,5.5,5.31793761,7.8,4.2
3034,31,30b,3,15.6,13.2,Sapium insigne,Khirro,7.5,6.547794947,9.2,6
3034,32,,3,18,10.5,Semecarpus anacardium,Bhalayo,28.8,16.34277976,29.5,13.5
3034,34,,4,23.4,21.5,Semecarpus anacardium,Bhalayo,18.5,12.77286339,19.1,13.5
3034,35,,4,23,24,Glochidion acuminatum ,Latikath,11.9,9.214015774,,
3034,36,,4,16.9,23,Semecarpus anacardium,Bhalayo,15.8,11.50041217,15.7,9.4
3034,37,37a,4,5,24.9,Lagerstroemia parviflora,Botdhairo,13.2,10.05025488,17.4,17.5
3034,38,37b,4,5,24.9,Lagerstroemia parviflora,Botdhairo,13.3,10.11112838,18.3,17.4
3034,39,,3,23.5,11.3,Cleistocalyx operculatus ,Kyamuna,13,9.927112032,17,16
3034,40,,2,18,6.8,Mallotus philippensis ,Sindhure,7,6.274217514,10,8.1
3034,41,,3,15.6,13,Sapium insigne,Khirro,,,5.2,3.5
3034,42,,3,15,12,Buchannaia latifolia ,Sani/Piyari Bhalayo,,,5.3,5
3034,43,,3,23,12.5,Shorea robusta,Sal,,,15.2,15.8
3034,44,,4,24.8,25,Shorea robusta,Sal,,,15.1,12.7
3034,45,,4,21.2,22.5,Sapium insigne,Khirro,,,10.5,6.7
3034,46,,4,11,24.5,Lagerstroemia parviflora,Botdhairo,,,11.5,14.2
3034,47,,1,22,1,Shorea robusta,Sal,,,11.3,19.6
3034,48,,1,20.3,1,Shorea robusta,Sal,,,11.7,16.7
3034,49,,2,5.5,6,Sapium insigne,Khirro,,,8.5,6
3034,50,,2,4.4,8.5,Terminalia alata ,Saj,,,11.2,9
3034,51,,4,23.1,23.9,Shorea robusta,Sal,,,11.9,11.7
3034,52,,4,0.4,23.6,Casearia graveolens,Barkaule,,,12.1,9.8
3034,53,,1,21.3,1,Shorea robusta,Sal,,,10.4,15.3
3034,54,,4,17.9,22,Shorea robusta,Sal,,,10.5,12.9
3034,55,,4,11,24.5,Lagerstroemia parviflora,Botdhairo,,,11,13.9
3034,56,,4,9.2,24,Lagerstroemia parviflora,Botdhairo,,,10.9,4.3
3035,1,,4,0.2,21.6,Lagerstroemia parviflora,Botdhairo,19.6,13.23872882,,
3035,2,,4,4.7,20.3,Lagerstroemia parviflora,Botdhairo,10.1,7.891216968,,
3035,3,,4,6.1,21.9,Shorea robusta,Sal,15.7,13.91456852,23,16.2
3035,4,4a,4,8.1,24.2,Lagerstroemia parviflora,Botdhairo,13,9.927112032,,
3035,5,4b,4,8.1,24.2,Lagerstroemia parviflora,Botdhairo,12.3,9.480674771,,
3035,6,4c,4,8.1,24.2,Lagerstroemia parviflora,Botdhairo,20.1,13.44190581,32.9,20
3035,7,,4,16.9,23.2,Lagerstroemia parviflora,Botdhairo,12,9.281511565,,
3035,8,,4,19.3,21.3,Lagerstroemia parviflora,Botdhairo,10.3,8.049373016,,
3035,9,,4,21,23.8,Cleistocalyx operculatus ,Kyamuna,71,23.62049708,75,21.2
3035,10,,3,18.8,10.2,Lagerstroemia parviflora,Botdhairo,15.8,11.50041217,20.7,14.5
3035,11,,3,17.6,14.4,Lagerstroemia parviflora,Botdhairo,13,9.927112032,,
3035,12,,3,15.1,11.4,Shorea robusta,Sal,9,7.649395498,,
3035,13,,3,12.4,14.3,Shorea robusta,Sal,4.2,4.341936314,,
3035,14,,3,12.1,14.2,Terminalia alata ,Saj,30.4,16.77886975,31.8,18.3
3035,15,,3,11.3,15.1,Cleistocalyx operculatus ,Kyamuna,6.5,5.980357172,,
3035,16,,3,12,11.5,Lagerstroemia parviflora,Botdhairo,10.1,7.891216968,,
3035,17,,3,10.2,12.6,Cleistocalyx operculatus ,Kyamuna,14,10.5248447,,
3035,18,,3,9.4,12.8,Lagerstroemia parviflora,Botdhairo,11.1,8.65269716,16.5,11.9
3035,19,,3,10.6,10.2,Shorea robusta,Sal,5.5,5.512195296,,
3035,20,,3,9.1,10.7,Lagerstroemia parviflora,Botdhairo,8.5,7.044104358,,
3035,21,,3,8.9,10.2,Syzygium cumini,Jamun,9.7,7.567760774,,
3035,22,,3,6.6,13.3,Shorea robusta,Sal,6.3,6.101533244,,
3035,23,,3,5.6,10.3,Shorea robusta,Sal,11,10.44813238,,
3035,24,,3,0.8,12.4,Sapium insigne,Khirro,11.7,9.077305721,19,11.6
3035,25,25a,3,0.2,12.6,Sapium insigne,Khirro,16.8,11.99539568,26,12
3035,26,25b,3,0.2,12.6,Sapium insigne,Khirro,12.4,9.545984439,,
3035,27,,2,3.7,8.6,Terminalia alata ,Saj,22.2,14.24341437,28.2,13.5
3035,28,,2,3.4,5.7,Lagerstroemia parviflora,Botdhairo,17,12.09084887,22.8,13.8
3035,29,,2,7.1,8.9,Murraya koenigii ,Asare,5,4.940004154,,
3035,30,,2,7.2,8.1,Casearia graveolens,Barkaule,4,4.05517303,,
3035,31,,2,6.9,7.7,Lagerstroemia parviflora,Botdhairo,10.3,8.049373016,,
3035,32,,2,9,6.2,Albizia lucida,Padke,18.1,12.59655692,22.3,9.6
3035,33,,2,10.1,6.1,Albizia lucida,Padke,23.5,14.7024183,,
3035,34,,2,11.1,8.6,Shorea robusta,Sal,3.7,3.791871937,,
3035,35,,2,11.3,8.1,Lagerstroemia parviflora,Botdhairo,4.3,4.34194615,,
3035,36,,2,14,7.6,Lagerstroemia parviflora,Botdhairo,11.1,8.65269716,19,16.7
3035,37,37a,2,14.6,8.5,Terminalia chebula ,Harro,4.7,4.694649616,,
3035,38,37b,2,14.6,8.5,Terminalia chebula ,Harro,2.7,2.496641256,,
3035,39,37c,2,14.6,8.5,Terminalia chebula ,Harro,3,2.914427308,,
3035,40,37d,2,14.6,8.5,Terminalia chebula ,Harro,2.3,1.860834545,,
3035,41,,2,15,8.5,Shorea robusta,Sal,2.8,2.582339385,,
3035,42,,2,15.2,6.9,Sapium insigne,Khirro,5.3,5.171057856,,
3035,43,,2,15.7,6.8,Cleistocalyx operculatus ,Kyamuna,5,4.940004154,,
3035,44,,2,17.3,5,Lagerstroemia parviflora,Botdhairo,17,12.09084887,,
3035,45,,2,19,9.6,Lagerstroemia parviflora,Botdhairo,7.3,6.440618153,,
3035,46,,2,19.7,7.2,Sapium insigne,Khirro,10.4,8.127303091,,
3035,47,,2,24.9,7.1,Cassia fistula,Rajbrikhsa,15.4,11.29358802,,
3035,48,,1,24.5,1,Lagerstroemia parviflora,Botdhairo,10.5,8.204487412,,
3035,49,,1,24,1,Cassia fistula,Rajbrikhsa,13.8,10.40878946,,
3035,50,,1,23.2,1,Lagerstroemia parviflora,Botdhairo,18.7,12.85959219,26.7,19.6
3035,51,,1,14,1,Albizia lucida,Padke,15.6,11.39766301,25.1,13
3035,53,,1,13.4,1,Albizia lucida,Padke,13.1,9.988918465,,
3035,54,,1,7.5,1,Lagerstroemia parviflora,Botdhairo,12.4,9.545984439,,
3035,55,,1,3.9,1,Lagerstroemia parviflora,Botdhairo,12.4,9.545984439,21.3,21
3035,56,,1,3,1,Cleistocalyx operculatus ,Kyamuna,19.3,13.11431967,27.2,16.2
3035,57,,2,4,8.2,Terminalia alata ,Saj,7.9,6.7538309,,
3035,58,,4,3.5,20.7,Shorea robusta,Sal,,,15.6,12.1
3035,59,,3,14,11.5,Albizia lucida,Padke,,,12.5,
3036,1,,1,1.5,1,Shorea robusta,Sal,12.8,11.92477397,18.4,15.7
3036,2,,1,3.5,1,Shorea robusta,Sal,11.3,10.71030784,18,14.4
3036,3,,1,9.7,1,Sapium insigne,Khirro,13,9.927112032,21.3,10.5
3036,4,,2,19.8,6.5,Sapium insigne,Khirro,9,7.270754617,,
3036,5,,2,19.8,9.3,Shorea robusta,Sal,8,7.138252458,13.4,10.9
3036,6,,2,17.9,9.5,Sapium insigne,Khirro,8.5,7.044104358,13.1,8.2
3036,7,,2,18.7,6,Sapium insigne,Khirro,8.3,6.949687993,12.8,9.7
3036,8,,2,16.9,6.25,Sapium insigne,Khirro,8.1,6.852968564,,
3036,9,,2,16.5,7.3,Shorea robusta,Sal,12.3,11.53653137,20,15
3036,10,,2,14.9,6.55,Sapium insigne,Khirro,9.2,7.357907575,13.3,8.8
3036,11,,2,14.8,9.1,Sapium insigne,Khirro,3.7,3.74603213,,
3036,12,,2,14.1,8.5,Shorea robusta,Sal,12.1,11.37679665,19.4,15
3036,13,,2,11.8,9.9,Sapium insigne,Khirro,2.8,2.640849875,,
3036,14,,2,12,7.8,Casearia graveolens,Barkaule,5.2,5.095526048,,
3036,15,,2,10.6,6.3,Sapium insigne,Khirro,7.1,6.330463847,13,9.9
3036,16,,2,12.5,5.25,Sapium insigne,Khirro,6.5,5.980357172,9.8,8.5
3036,17,,2,8.6,9,Shorea robusta,Sal,6.3,6.101533244,,
3036,18,,2,7.6,7.9,Shorea robusta,Sal,9.8,8.018954839,14.2,13.3
3036,19,,2,7,8.3,Shorea robusta,Sal,4.1,4.23736017,,
3036,20,,2,7.1,6.7,Sapium insigne,Khirro,7.7,6.65215097,13.8,8.5
3036,21,,2,6.4,6.45,Sapium insigne,Khirro,6.5,5.980357172,8.1,6.6
3036,22,,2,2,8.4,Shorea robusta,Sal,13.5,12.44356722,,
3036,23,,3,4.8,13.9,Shorea robusta,Sal,10.8,10.26934571,20.4,15.4
3036,24,,3,3.1,10.3,Shorea robusta,Sal,10.9,10.35914911,,
3036,25,,3,6.35,10.2,Shorea robusta,Sal,12.8,11.92477397,18.8,14
3036,26,,3,8.1,14.9,Sapium insigne,Khirro,4.1,4.153086647,9.6,5
3036,27,,3,8.7,11.6,Shorea robusta,Sal,10.5,9.994859956,17.5,14.6
3036,28,,3,12,14.3,Sapium insigne,Khirro,5,4.940004154,,
3036,29,,3,13.6,14.1,Sapium insigne,Khirro,4.5,4.522218101,9,4.6
3036,30,,3,13,12.05,Sapium insigne,Khirro,5,4.940004154,,
3036,31,,3,16,13.3,Shorea robusta,Sal,16.9,14.63221301,24.8,20.6
3036,32,,3,16.1,11.4,Shorea robusta,Sal,4.4,4.543819226,,
3036,33,,3,17.4,13,Shorea robusta,Sal,5.1,5.18451517,7.9,5.2
3036,34,,3,17.9,12,Shorea robusta,Sal,8.8,7.551870046,12.9,6.4
3036,35,,3,22.7,11.2,Shorea robusta,Sal,8.2,7.245410989,12.2,6.9
3036,36,,3,22.1,11.2,Shorea robusta,Sal,10.9,10.35914911,14,10.8
3036,37,,3,24,10.25,Shorea robusta,Sal,10,9.519468112,16.1,12
3036,38,,4,18.1,21,Shorea robusta,Sal,15.3,13.66310682,21,15.9
3036,39,,4,1.8,20.9,Shorea robusta,Sal,12.7,11.84835318,22,18.1
3036,40,,1,15.5,1,Sapium insigne,Khirro,,,16.2,11
3036,41,,1,19.6,1,Sapium insigne,Khirro,,,15.8,12.1
3036,42,,1,19.6,1,Sapium insigne,Khirro,,,14.2,7.4
3036,43,,2,22.6,5.8,Sapium insigne,Khirro,,,16.1,8.6
3036,44,,3,0.8,13,Shorea robusta,Sal,,,11.5,6.5
3036,45,,3,3,10.6,Shorea robusta,Sal,,,,
3036,46,,3,2,14,Shorea robusta,Sal,,,13.6,8.4
3036,47,,4,10,20.2,Shorea robusta,Sal,,,12.2,5.2
3036,48,,3,18.1,11,Sapium insigne,Khirro,,,,
3036,49,,1,24,1,Sapium insigne,Khirro,,,12.8,9.9
3036,50,,3,24.4,10.5,Sapium insigne,Khirro,,,11,7.4
3036,51,,3,5.2,10,Shorea robusta,Sal,,,,
3036,52,,1,4.5,1,Sapium insigne,Khirro,,,10.4,6.3
3036,53,,1,4.1,1,Sapium insigne,Khirro,,,10.1,8.4
3036,54,,3,2.1,14.4,Sapium insigne,Khirro,,,11.5,7.6
3036,55,,3,21.2,13.3,Cassia fistula,Rajbrikhsa,,,12.8,12.9
3036,56,,4,18.2,21.5,Sapium insigne,Khirro,,,11.5,7.8
3037,1,,1,12.1,1,Dalbergia sissoo,Sissoo,18.2,12.64099615,,
3037,2,,1,16.6,1,Dalbergia sissoo,Sissoo,12.1,9.348447219,,
3037,3,,1,17.8,1,Dalbergia sissoo,Sissoo,10.7,8.356674946,,
3037,4,,1,18.9,1,Dalbergia sissoo,Sissoo,11,8.579703902,,
3037,5,,2,23.1,8.5,Dalbergia sissoo,Sissoo,15.7,11.44920121,,
3037,6,,2,18.6,6.5,Dalbergia sissoo,Sissoo,7,6.274217514,,
3037,7,,2,18.3,8.9,Dalbergia sissoo,Sissoo,6.1,5.728507464,,
3037,8,,2,16.4,8.2,Dalbergia sissoo,Sissoo,6.5,5.980357172,,
3037,9,,2,16,10,Dalbergia sissoo,Sissoo,18,12.55187149,,
3037,10,,2,14.2,9.5,Dalbergia sissoo,Sissoo,5.5,5.31793761,,
3037,11,,2,11.8,8.8,Dalbergia sissoo,Sissoo,12.7,9.738799199,,
3037,12,,2,12.2,7.4,Dalbergia sissoo,Sissoo,4.7,4.694649616,,
3037,13,,2,12.5,5.7,Dalbergia sissoo,Sissoo,7.6,6.600316245,,
3037,14,,2,9.6,5.3,Dalbergia sissoo,Sissoo,21.2,13.87165733,,
3037,15,,2,5,10,Dalbergia sissoo,Sissoo,6,5.662963823,,
3037,16,,3,1.1,13.7,Dalbergia sissoo,Sissoo,11.9,9.214015774,,
3037,17,,3,4.8,11.7,Dalbergia sissoo,Sissoo,12.6,9.675038392,,
3037,18,,3,7.2,12.6,Dalbergia sissoo,Sissoo,9.5,7.485147369,,
3037,19,,3,11.3,13.8,Dalbergia sissoo,Sissoo,20,13.4016778,,
3037,20,,3,11.4,12.3,Dalbergia sissoo,Sissoo,4,4.05517303,,
3037,21,,3,14.4,13.9,Dalbergia sissoo,Sissoo,18.4,12.72914676,,
3037,22,,3,17.9,11.4,Dalbergia sissoo,Sissoo,7.3,6.440618153,,
3037,23,,3,18.4,12.8,Dalbergia sissoo,Sissoo,8.5,7.044104358,,
3037,24,,3,19.3,13.2,Dalbergia sissoo,Sissoo,6.2,5.792985308,,
3037,25,,3,22.3,11.3,Dalbergia sissoo,Sissoo,12,9.281511565,,
3037,26,,3,22.5,13.5,Dalbergia sissoo,Sissoo,13.5,10.2315142,,
3037,27,,4,16.8,21.5,Dalbergia sissoo,Sissoo,14.9,11.02736914,,
3037,28,,4,12.6,21.6,Dalbergia sissoo,Sissoo,13,9.927112032,,
3037,29,,4,9.7,23.6,Dalbergia sissoo,Sissoo,15,11.08132051,,
3037,30,,4,7.5,20.1,Dalbergia sissoo,Sissoo,11.2,8.725035762,,
3037,31,,4,3.5,20.3,Dalbergia sissoo,Sissoo,13.2,10.05025488,,
3037,32,,3,19.5,11,Dalbergia sissoo,Sissoo,11.1,8.65269716,,
3037,33,,2,14,5.2,Bombax ceiba,Simal,,,18.5,15
3038,1,,1,1.6,1,Shorea robusta,Sal,12.5,11.69368962,24.7,20.5
3038,2,,1,6.4,1,Shorea robusta,Sal,14.9,13.40498311,,
3038,3,,1,10.4,1,Shorea robusta,Sal,12.4,11.61542735,22,19.9
3038,4,,1,13.3,1,Shorea robusta,Sal,11.6,10.96561327,20,14.6
3038,5,,1,16.3,1,Shorea robusta,Sal,10.7,10.17870692,17,15
3038,6,,1,18.5,1,Shorea robusta,Sal,14.9,13.40498311,24,18.8
3038,7,,1,18.1,1,Sapium insigne,Khirro,10.5,8.204487412,13.4,9.1
3038,8,,1,23,1,Shorea robusta,Sal,14.6,13.20680137,21.1,19.6
3038,9,,1,25,1,Shorea robusta,Sal,11,10.44813238,19,13.8
3038,10,,2,22.2,10,Shorea robusta,Sal,19.3,15.92608001,30.3,21.4
3038,11,,2,23,7,Shorea robusta,Sal,10.9,10.35914911,13.8,11.3
3038,12,,2,20,6.27,Sapium insigne,Khirro,9.9,7.648688072,12.6,5.2
3038,14,,2,17.4,7.9,Shorea robusta,Sal,8.5,7.40134513,15.7,17.1
3038,15,,2,15.9,5.1,Shorea robusta,Sal,5.3,5.351447289,,
3038,16,,2,14.7,9,Shorea robusta,Sal,8.7,7.502272934,,
3038,17,,2,14.5,7.9,Sapium insigne,Khirro,5.6,5.38938639,,
3038,18,,2,13.2,6.5,Lagerstroemia parviflora,Botdhairo,11.4,8.867795241,,
3038,19,,2,11.6,6.3,Shorea robusta,Sal,14.2,12.93612841,25,23.4
3038,20,,2,12.9,9.8,Shorea robusta,Sal,6.4,6.169876389,,
3038,21,,2,12.3,9.2,Shorea robusta,Sal,13.9,12.7280721,20.4,19.4
3038,22,,2,10.7,9.5,Shorea robusta,Sal,15,13.47015794,18.6,16.9
3038,23,,2,9,5.4,Sapium insigne,Khirro,8.3,6.949687993,,
3038,24,,2,8.4,9.7,Shorea robusta,Sal,15.4,13.72658326,23,16.6
3038,25,,2,6.2,7,Shorea robusta,Sal,9.3,7.791693492,,
3038,26,,2,5,9.4,Lagerstroemia parviflora,Botdhairo,12.9,9.864828325,14.3,9.2
3038,28,,2,3.5,5.4,Sapium insigne,Khirro,10.5,8.204487412,12.4,11.2
3038,29,,3,2.2,10,Shorea robusta,Sal,21,16.74860882,27.1,22.4
3038,30,,3,2.9,12.1,Shorea robusta,Sal,17.7,15.08286442,25.8,22.5
3038,31,,3,3.2,13.3,Shorea robusta,Sal,10.2,9.712416991,12,8.9
3038,32,,3,5,13.3,Shorea robusta,Sal,4,4.130201639,,
3038,33,,3,6.7,12.3,Shorea robusta,Sal,9.6,7.929473318,,
3038,34,,3,5.9,10.8,Shorea robusta,Sal,19.5,16.02653039,24.1,17.3
3038,35,,3,7.3,13.9,Shorea robusta,Sal,5.2,5.268783837,,
3038,36,,3,8.4,13.1,Sapium insigne,Khirro,6.6,6.040897279,,
3038,37,,3,8.4,10.8,Shorea robusta,Sal,4.5,4.641344679,,
3038,38,,3,9.6,11.8,Shorea robusta,Sal,16.8,14.57438732,24.1,19.3
3038,39,,3,10.2,14.7,Shorea robusta,Sal,7,6.558766274,,
3038,40,,3,10.7,13.4,Shorea robusta,Sal,14.1,12.86726876,19.5,15.3
3038,41,,3,13,11.9,Sapium insigne,Khirro,8.7,7.136324794,11.1,9
3038,42,,3,14.1,14.1,Shorea robusta,Sal,18.7,15.61836181,21.1,16.7
3038,43,,3,14.2,14.5,Shorea robusta,Sal,15,13.47015794,21.8,19
3038,44,,3,16.8,10.6,Shorea robusta,Sal,13.3,12.29813765,20.3,16.7
3038,45,,3,17.5,14.5,Shorea robusta,Sal,5.7,5.667201059,,
3038,46,,3,18.9,13.8,Sapium insigne,Khirro,6.4,5.918878421,,
3038,47,,3,19.8,12.3,Shorea robusta,Sal,12.4,11.61542735,,
3038,48,,3,21.6,13.3,Shorea robusta,Sal,12.9,12.00060003,18.3,14.1
3038,49,,3,24.3,14.3,Sapium insigne,Khirro,10.3,8.049373016,12.3,11.8
3038,50,,3,24.5,10.6,Lagerstroemia parviflora,Botdhairo,14,10.5248447,18.2,20.5
3038,51,,4,19.6,21.2,Shorea robusta,Sal,14.3,13.00450483,22.8,13.3
3038,52,,4,18.2,22.2,Shorea robusta,Sal,10.5,9.994859956,17.4,17.5
3038,53,,4,16.7,23.6,Shorea robusta,Sal,12.8,11.92477397,25.8,21.4
3038,54,,4,13.7,22.6,Shorea robusta,Sal,16.4,14.33959041,22,21.2
3038,55,,4,8,23.45,Shorea robusta,Sal,13.6,12.51547603,22.9,18.4
3038,56,,4,6.1,20.5,Shorea robusta,Sal,15.5,13.78964886,23.7,20.4
3038,57,,4,3.9,20.9,Shorea robusta,Sal,10.7,10.17870692,14.8,15.6
3038,58,,4,1.5,24.25,Shorea robusta,Sal,15.8,13.97643285,19.7,15.1
3038,59,,4,0.75,20.45,Shorea robusta,Sal,12.5,11.69368962,17.8,20.2
3038,60,,3,1.8,14.34,Shorea robusta,Sal,14.8,13.3393694,20.5,19.5
3038,61,,1,12.5,1,Shorea robusta,Sal,,,12.9,3.5
3038,62,,1,20.8,1,Sapium insigne,Khirro,,,12,10.6
3038,63,,1,20.4,1,Sapium insigne,Khirro,,,11.9,13.2
3038,64,,2,1.6,7.5,Lagerstroemia parviflora,Botdhairo,,,12.5,10.2
3038,65,,2,3,9,Sapium insigne,Khirro,,,12.2,9.5
3038,66,,4,10,23.2,Shorea robusta,Sal,,,11.7,11.4
3038,67,,1,4.4,1,Lagerstroemia parviflora,Botdhairo,,,13,8.2
3038,68,,1,9.2,1,Sapium insigne,Khirro,,,11,6.6
3039,1,,1,6.8,1,Dalbergia sissoo,Sissoo,16.6,11.89879932,34.6,14.8
3039,2,,1,20.1,1,Lagerstroemia parviflora,Botdhairo,10.8,8.431705254,19.3,13.2
3039,3,,1,19.6,1,Cleistocalyx operculatus ,Kyamuna,12,9.281511565,23.8,13.7
3039,4,,2,19.1,8,Shorea robusta,Sal,7.4,6.799922757,13.5,14.2
3039,5,,2,17.3,6.7,Shorea robusta,Sal,5.3,5.351447289,,
3039,6,,2,14.1,9.8,Acacia catechu,Khayer,4.8,4.778132699,10.9,9.2
3039,7,,2,14,9.5,Acacia catechu,Khayer,13,9.927112032,12.7,8.3
3039,8,,3,19.6,11.1,Adina cordifolia,Karma,4.6,4.60937106,,
3039,9,,3,16,11.2,Adina cordifolia,Karma,5.2,5.095526048,6.2,3.2
3039,10,,3,24.3,14.6,Shorea robusta,Sal,12.5,11.69368962,25.4,14.2
3039,11,,2,17.1,8,Shorea robusta,Sal,,,,
3039,12,,2,14,9.8,Acacia catechu,Khayer,,,15.3,9.4
3039,13,,2,14,9.6,Acacia catechu,Khayer,9.6,7.526669214,14.6,8.9
3039,14,,3,13.8,12,Acacia catechu,Khayer,5.6,5.38938639,13.2,10.3
3039,15,,3,13,10.8,Casearia graveolens,Barkaule,,,7.9,2.9
3039,16,,2,13,10,Acacia catechu,Khayer,,,15.2,10.2
3039,17,,3,6,11,Acacia catechu,Khayer,,,16.2,8.3
3039,18,,3,6.5,13,Acacia catechu,Khayer,,,22.3,11.7
3039,19,,2,27.3,7.2,Acacia catechu,Khayer,,,13.2,9
3039,20,,3,23.2,13.8,Sapium insigne,Khirro,,,14.8,10.3
3039,21,,2,15.1,5.2,Acacia catechu,Khayer,,,9,4.6
3039,22,,3,15.7,15.1,Ehretia laevis ,Bohori,,,5.9,1.9
3039,23,,4,10.8,25,Ehretia laevis ,Bohori,,,4.5,5.1
3040,1,,1,0.4,1,Lagerstroemia parviflora,Botdhairo,14,10.5248447,16.9,12.5
3040,2,,1,2.4,1,Shorea robusta,Sal,11,10.44813238,24.6,18.7
3040,3,,1,3.2,1,Shorea robusta,Sal,11.4,10.79615509,17.6,18
3040,4,,1,6.2,1,Shorea robusta,Sal,12,11.29593643,20.7,16.5
3040,5,,1,18.5,1,Lagerstroemia parviflora,Botdhairo,12,9.281511565,19.6,12.6
3040,6,,1,21.3,1,Lagerstroemia parviflora,Botdhairo,12.1,9.348447219,15.7,10.4
3040,7,,1,22.2,1,Shorea robusta,Sal,10.5,9.994859956,,
3040,8,,1,23.2,1,Shorea robusta,Sal,10.1,9.616420156,,
3040,10,,2,21.3,8.5,Sapium insigne,Khirro,6.5,5.980357172,9.6,7.6
3040,11,,2,21.6,9.7,Lagerstroemia parviflora,Botdhairo,8.7,7.136324794,,
3040,12,,2,19.2,6.7,Shorea robusta,Sal,8.2,7.245410989,11.4,6.5
3040,13,,2,18.3,6.8,Shorea robusta,Sal,15.7,13.91456852,25.3,18.3
3040,14,,2,17.7,10.1,Lagerstroemia parviflora,Botdhairo,11.7,9.077305721,14.2,7.9
3040,15,,2,15,7,Sapium insigne,Khirro,4.6,4.60937106,,
3040,16,,2,14.4,9.3,Sapium insigne,Khirro,3.8,3.85177973,,
3040,17,,2,13.1,5.6,Shorea robusta,Sal,5,5.098577709,,
3040,18,,2,11,5.3,Sapium insigne,Khirro,5.5,5.31793761,6.7,5.3
3040,19,,2,11.8,7.2,Sapium insigne,Khirro,6.2,5.792985308,,
3040,20,,2,12.3,8.6,Cassia fistula,Rajbrikhsa,10,7.810960585,11.7,10.7
3040,21,,2,9.7,8.3,Cassia fistula,Rajbrikhsa,13.7,10.35012957,18.9,13.2
3040,22,,2,9.5,5.9,Sapium insigne,Khirro,6,5.662963823,,
3040,23,,2,7.4,9.8,Lagerstroemia parviflora,Botdhairo,9,7.270754617,,
3040,24,,2,7.5,6.4,Sapium insigne,Khirro,5.5,5.31793761,,
3040,25,,2,3.9,7.1,Cassia fistula,Rajbrikhsa,10.4,8.127303091,13.7,13.2
3040,26,,2,3.3,8,Shorea robusta,Sal,14,12.797919,,
3040,27,,2,0.3,7.1,Sapium insigne,Khirro,11.2,8.725035762,12.4,8.5
3040,28,,3,8.8,14.6,Shorea robusta,Sal,14.4,13.07240475,28.5,20.9
3040,29,,3,8,14.3,Shorea robusta,Sal,6,5.889798569,,
3040,30,,3,6.4,12.1,Shorea robusta,Sal,4.4,4.543819226,,
3040,31,,3,9.3,12.1,Sapium insigne,Khirro,9.9,7.648688072,11.6,9.6
3040,32,,3,8.2,10.7,Sapium insigne,Khirro,7,6.274217514,9.4,5.7
3040,33,,3,9.7,15,Sapium insigne,Khirro,7,6.274217514,8.5,6.8
3040,34,,3,11.6,10.7,Sapium insigne,Khirro,6.5,5.980357172,9.3,7.3
3040,35,,3,11.4,12.4,Lagerstroemia parviflora,Botdhairo,7.4,6.494568645,,
3040,36,,3,12.4,14.4,Sapium insigne,Khirro,7.9,6.7538309,9.5,6.8
3040,37,,3,15,14.9,Lagerstroemia parviflora,Botdhairo,10,7.810960585,12,8.3
3040,38,,3,15.3,10.6,Shorea robusta,Sal,11,10.44813238,19.3,15
3040,39,,3,18.7,11.4,Lagerstroemia parviflora,Botdhairo,13.7,10.35012957,17.4,13.6
3040,40,,3,21.9,11.8,Lagerstroemia parviflora,Botdhairo,12.1,9.348447219,13.5,11.9
3040,41,,3,24.2,10.5,Shorea robusta,Sal,11,10.44813238,20.7,16.1
3040,42,,4,20.2,25.2,Cleistocalyx operculatus ,Kyamuna,11.4,8.867795241,19.4,15.6
3040,43,,4,14.2,24.8,Lagerstroemia parviflora,Botdhairo,11,8.579703902,12.9,8.6
3040,44,,4,6.6,24.6,Shorea robusta,Sal,10,9.519468112,22,17.5
3040,45,,4,7.3,21,Shorea robusta,Sal,10,9.519468112,17.4,13.1
3040,46,,4,5.4,23.4,Lagerstroemia parviflora,Botdhairo,11,8.579703902,,
3040,47,,4,1,25,Sapium insigne,Khirro,,,13.6,9.5
3040,48,,2,13.9,6.5,Sapium insigne,Khirro,,,,
3040,49,,2,14,6.8,Sapium insigne,Khirro,,,,
3040,50,,2,12.3,6,Sapium insigne,Khirro,,,,
3040,51,,2,12.4,8,Sapium insigne,Khirro,,,,
3040,52,,2,8.9,6.8,Sapium insigne,Khirro,,,,
3040,53,,2,2,6.5,Sapium insigne,Khirro,,,11.2,9.2
3040,54,,3,2.4,15,Sapium insigne,Khirro,,,14.3,7.2
3040,55,,3,16.8,12,Sapium insigne,Khirro,,,9.1,7
3040,56,,3,19.8,13,Sapium insigne,Khirro,,,8.9,5
3040,57,,3,22.5,11,Shorea robusta,Sal,,,16.3,14.4
3040,58,,4,20.3,24.8,Shorea robusta,Sal,,,16.5,15.8
3040,59,,4,20,20.5,Lagerstroemia parviflora,Botdhairo,,,12.2,9.2
3040,60,,4,17,21,Shorea robusta,Sal,,,17,14
3040,61,,4,14.4,24,Shorea robusta,Sal,,,15.5,14.7
3040,62,,4,9.5,25,Shorea robusta,Sal,,,13.5,12
3040,63,,2,4,7.6,Shorea robusta,Sal,,,26.2,18.6
3040,64,,3,24.5,13.7,Cassia fistula,Rajbrikhsa,,,11,9
3040,65,,4,4,23.5,Sapium insigne,Khirro,,,11.4,6.6
3040,66,,4,17,20.9,Casearia graveolens,Barkaule,,,11.7,6.2
3040,67,,1,7.9,1,Sapium insigne,Khirro,,,10.5,10.7
3040,68,,1,9.4,1,Sapium insigne,Khirro,,,10.3,4.7
3040,69,,1,3.2,1,Sapium insigne,Khirro,,,10.1,9.2
3040,70,,1,3.8,1,Sapium insigne,Khirro,,,10.1,6
3040,71,,3,0.7,10.2,Shorea robusta,Sal,,,14.5,13.5
3040,72,,3,1.9,11.1,Shorea robusta,Sal,,,10.5,9.3
3040,73,,3,0.7,12.8,Shorea robusta,Sal,,,18,15.5
3040,74,,3,2.3,14,Shorea robusta,Sal,,,10.1,5.4
3040,75,,4,4.4,20.4,Sapium insigne,Khirro,,,10.2,7.4
3040,76,,3,5.4,14.9,Shorea robusta,Sal,,,11.1,9.8
3040,77,,4,7.2,23.5,Sapium insigne,Khirro,,,10.1,7.6
3040,78,,4,8.2,23.5,Sapium insigne,Khirro,,,10.5,8.4
3040,79,,3,3.2,14,Shorea robusta,Sal,,,16,13.6
3041,1,,1,3.4,1,Shorea robusta,Sal,10.5,9.994859956,17.5,15.7
3041,2,,1,4.2,1,Shorea robusta,Sal,10,9.519468112,13,9.8
3041,3,,1,1.4,1,Shorea robusta,Sal,10.5,9.994859956,16.2,10.9
3041,4,,1,14.8,1,Shorea robusta,Sal,16.6,14.4576961,,
3041,5,,1,16.2,1,Shorea robusta,Sal,10.7,10.17870692,14.5,13
3041,6,,1,18.2,1,Shorea robusta,Sal,12.4,11.61542735,18.8,10.8
3041,7,,1,21.7,1,Shorea robusta,Sal,10.5,9.994859956,13.2,8.3
3041,8,,2,24.1,6.4,Shorea robusta,Sal,10.1,9.616420156,14.8,13.3
3041,9,,2,23.9,5.6,Shorea robusta,Sal,10,9.519468112,14,13.5
3041,10,,2,22.7,5.2,Shorea robusta,Sal,13.1,12.15050453,18.4,14.2
3041,11,,2,19.5,6.1,Shorea robusta,Sal,10.4,9.901619053,17.9,15
3041,12,,2,19.3,6.7,Shorea robusta,Sal,8.1,7.192162468,,
3041,13,,2,19.2,7.6,Shorea robusta,Sal,7.1,6.620323334,8.6,8.1
3041,14,,2,18.8,6.5,Shorea robusta,Sal,4.5,4.641344679,9.5,6.8
3041,15,,2,17.3,7.6,Shorea robusta,Sal,5.5,5.512195296,,
3041,16,,2,18.5,8.4,Shorea robusta,Sal,4.7,4.830057019,,
3041,17,,2,18.2,8.8,Shorea robusta,Sal,9.2,7.74477736,14,12
3041,18,,2,19.8,8.8,Shorea robusta,Sal,6,5.889798569,,
3041,19,,2,21.9,9.2,Shorea robusta,Sal,10,9.519468112,13.3,11.9
3041,20,,2,17.5,7.6,Shorea robusta,Sal,5.3,5.351447289,,
3041,21,,2,18.4,8.8,Shorea robusta,Sal,5.4,5.432565539,7.9,7
3041,22,,2,17,9,Shorea robusta,Sal,11,10.44813238,13.9,11.8
3041,23,,2,16.5,8.3,Shorea robusta,Sal,5.9,5.816860717,,
3041,24,,2,15.2,8.9,Shorea robusta,Sal,3.5,3.550715454,,
3041,25,,2,15.1,6.6,Shorea robusta,Sal,5.1,5.18451517,,
3041,26,,2,15.4,6.6,Shorea robusta,Sal,5.7,5.667201059,,
3041,27,,2,14.2,8.6,Shorea robusta,Sal,7.2,6.681019429,8.3,5.5
3041,28,,2,13.8,7.3,Shorea robusta,Sal,4.4,4.543819226,,
3041,29,,2,14.2,7,Shorea robusta,Sal,9.7,7.974444705,13.6,13.8
3041,30,,2,13.5,6.7,Shorea robusta,Sal,12,11.29593643,15.2,13.6
3041,31,,2,12.9,7.8,Shorea robusta,Sal,3.7,3.791871937,,
3041,32,,2,12.8,6.5,Shorea robusta,Sal,3.1,3.024045743,,
3041,33,,2,12.8,6,Adina cordifolia,Karma,3.1,3.044448793,,
3041,34,,2,12.5,7.2,Shorea robusta,Sal,4.5,4.641344679,,
3041,35,,2,12,9.9,Shorea robusta,Sal,7.4,6.799922757,9.2,8
3041,36,,2,10.1,9.8,Shorea robusta,Sal,4.7,4.830057019,,
3041,37,,2,10.6,9.1,Shorea robusta,Sal,6.2,6.032096563,,
3041,38,,2,10.7,6.7,Shorea robusta,Sal,8,7.138252458,13,11.5
3041,39,,2,11.1,6.6,Shorea robusta,Sal,4.4,4.543819226,,
3041,40,,2,11.7,5.7,Shorea robusta,Sal,5.8,5.742676005,,
3041,41,,2,10.5,5.5,Shorea robusta,Sal,8.8,7.551870046,8.8,4.2
3041,42,,2,9.5,6,Shorea robusta,Sal,6.5,6.237159907,,
3041,43,,2,9.2,6.1,Shorea robusta,Sal,10,9.519468112,14.6,11.5
3041,44,,2,9.7,8.8,Shorea robusta,Sal,10.2,9.712416991,16,15.3
3041,45,,2,9,8.5,Shorea robusta,Sal,4.8,4.921422499,,
3041,46,,2,8.4,6.9,Shorea robusta,Sal,4.2,4.341936314,,
3041,47,,2,8.2,6.4,Shorea robusta,Sal,7.9,7.083664317,11.5,9.8
3041,48,,2,6.7,6.7,Shorea robusta,Sal,7.4,6.799922757,14.6,13.5
3041,49,,2,6.3,6.4,Shorea robusta,Sal,7.5,6.858174638,,
3041,50,,2,6.8,7.3,Shorea robusta,Sal,5,5.098577709,,
3041,51,,2,5.8,7.7,Shorea robusta,Sal,9,7.649395498,13.2,12.4
3041,52,,2,7.3,9.6,Shorea robusta,Sal,10.5,9.994859956,15.3,11.4
3041,53,,2,5.6,9.1,Shorea robusta,Sal,6.2,6.032096563,8.7,8
3041,54,,2,5.2,8.9,Shorea robusta,Sal,4.3,4.444051614,7.4,7.1
3041,55,,2,0.4,9.1,Shorea robusta,Sal,10,9.519468112,16,14.3
3041,56,,2,1.2,6.3,Shorea robusta,Sal,10,9.519468112,18.5,15.3
3041,57,,3,0.2,12.2,Shorea robusta,Sal,10.2,9.712416991,16.1,13.9
3041,58,,3,5.5,10.3,Shorea robusta,Sal,10,9.519468112,14.1,12.3
3041,59,,3,5.7,11.9,Shorea robusta,Sal,8.4,7.349987134,12.9,11.3
3041,60,,3,6.2,14.6,Shorea robusta,Sal,10.2,9.712416991,17.8,13.9
3041,61,,3,7.7,13.9,Shorea robusta,Sal,4.5,4.641344679,,
3041,62,,3,6.9,11.6,Shorea robusta,Sal,10,9.519468112,11.9,11.5
3041,63,,3,8.1,13.4,Shorea robusta,Sal,4.5,4.641344679,,
3041,64,,3,8.3,11.1,Shorea robusta,Sal,9,7.649395498,12.3,10.7
3041,65,,3,8.9,13.6,Shorea robusta,Sal,11.9,11.21439956,15.9,9.5
3041,66,,3,10,13.1,Shorea robusta,Sal,9.5,7.884031018,11.9,9.7
3041,67,,3,10.8,13.4,Shorea robusta,Sal,5.5,5.512195296,,
3041,68,,3,10.3,10.7,Shorea robusta,Sal,8.5,7.40134513,10.4,9.6
3041,69,,3,11.3,10.2,Shorea robusta,Sal,7.4,6.799922757,10.2,10.1
3041,70,,3,13.3,12.1,Shorea robusta,Sal,10,9.519468112,13.8,10.2
3041,71,,3,13,13.8,Shorea robusta,Sal,6.2,6.032096563,,
3041,72,,3,13.2,14.5,Shorea robusta,Sal,7.5,6.858174638,16.3,13
3041,73,,3,12,14,Shorea robusta,Sal,4.5,4.641344679,,
3041,74,,3,14.2,14.1,Shorea robusta,Sal,9.2,7.74477736,13.6,11.5
3041,75,,3,14.4,13.8,Shorea robusta,Sal,7.2,6.681019429,,
3041,76,,3,14.7,11.5,Shorea robusta,Sal,8.5,7.40134513,11.3,10.3
3041,77,,3,14.5,11.3,Shorea robusta,Sal,4,4.130201639,,
3041,78,,3,14.7,10.2,Shorea robusta,Sal,5.2,5.268783837,,
3041,79,,3,14,10.2,Shorea robusta,Sal,8.2,7.245410989,12.3,8.3
3041,80,,3,17.2,10.8,Shorea robusta,Sal,6.5,6.237159907,,
3041,81,,3,17.8,10.9,Shorea robusta,Sal,8.4,7.349987134,10.1,6.7
3041,82,,3,16,12.2,Shorea robusta,Sal,8.6,7.452102433,13.9,10.5
3041,83,,3,15.8,14.6,Shorea robusta,Sal,5.9,5.816860717,,
3041,84,,3,16.7,15.1,Shorea robusta,Sal,6.2,6.032096563,,
3041,85,,3,17.1,15,Shorea robusta,Sal,13.2,12.2246007,16.7,13.7
3041,86,,3,18.4,15.3,Shorea robusta,Sal,6.1,5.96153078,,
3041,87,,3,18.3,13.5,Shorea robusta,Sal,6.9,6.49632347,,
3041,88,,3,19.8,12.9,Shorea robusta,Sal,7.6,6.915654949,,
3041,89,,3,20,13.2,Shorea robusta,Sal,8.5,7.40134513,11.9,10.5
3041,90,,3,20.9,14.3,Shorea robusta,Sal,12,11.29593643,15.8,13.1
3041,91,,3,21.3,14.3,Shorea robusta,Sal,10,9.519468112,12.4,4.4
3041,92,,3,21.7,10.5,Shorea robusta,Sal,12.1,11.37679665,15.1,13.3
3041,93,,4,22.7,20.9,Shorea robusta,Sal,13,12.07584056,,
3041,94,,4,21,22.6,Shorea robusta,Sal,16.2,14.22003554,,
3041,95,,4,21.6,25.1,Shorea robusta,Sal,13.2,12.2246007,,
3041,96,,4,18.2,24.1,Shorea robusta,Sal,11.7,11.04924984,,
3041,97,,4,14.6,21,Shorea robusta,Sal,10.5,9.994859956,12.2,4.1
3041,98,,4,9.6,21.6,Ehretia laevis ,Bohori,12,9.281511565,15.5,6
3041,99,,4,8,20.1,Shorea robusta,Sal,13.2,12.2246007,,
3041,100,,4,4.2,23.2,Shorea robusta,Sal,13.2,12.2246007,19.3,14.1
3041,101,,4,3.6,22.4,Shorea robusta,Sal,11.2,10.62369749,15.9,13.8
3041,102,,4,3,24.7,Shorea robusta,Sal,12.2,11.45699134,15.3,13.6
3041,103,,4,20,25.2,Shorea robusta,Sal,,,,
3041,104,,4,14.4,21.3,Shorea robusta,Sal,,,12.8,7.7
3041,105,,4,1,24,Shorea robusta,Sal,,,12,12.1
3041,106,,4,0.5,22.4,Shorea robusta,Sal,,,11.9,13
3041,107,,4,0.2,22.5,Shorea robusta,Sal,,,13,12.5
3041,108,,4,1,25.2,Shorea robusta,Sal,,,,
3041,109,,1,0.4,1,Shorea robusta,Sal,,,11.1,9.5
3041,110,,1,2.5,1,Shorea robusta,Sal,,,16,11.4
3041,111,,1,2,1,Shorea robusta,Sal,,,13.8,12.2
3041,112,,1,7.6,1,Shorea robusta,Sal,,,14.8,14.4
3041,113,,1,7,1,Shorea robusta,Sal,,,12.8,9.8
3041,114,,1,8.6,1,Shorea robusta,Sal,,,12.2,10.4
3041,115,,1,12,1,Shorea robusta,Sal,,,17.1,14
3041,116,,1,17.9,1,Shorea robusta,Sal,,,12.8,10.1
3041,117,,2,20.6,9.2,Shorea robusta,Sal,,,15,12.6
3041,118,,2,4.8,8,Shorea robusta,Sal,,,12.8,3.2
3041,119,,2,4.4,9.8,Shorea robusta,Sal,,,,
3041,120,,3,2.3,11.2,Shorea robusta,Sal,,,14.8,13.2
3041,121,,3,3,11.1,Shorea robusta,Sal,,,18.9,14.3
3041,122,,3,4.1,14.5,Shorea robusta,Sal,,,12,19.8
3041,123,,4,24.5,25.2,Shorea robusta,Sal,,,,
3041,124,,1,3.6,1,Shorea robusta,Sal,,,11.1,11.8
3041,125,,1,11,1,Shorea robusta,Sal,,,,
3041,126,,1,10.3,1,Shorea robusta,Sal,,,11.9,10.5
3041,127,,1,17,1,Shorea robusta,Sal,,,,
3041,128,,1,20,1,Shorea robusta,Sal,,,12.3,11
3041,129,,2,2,7.7,Shorea robusta,Sal,,,11.7,12.7
3041,130,,2,3.4,9.3,Shorea robusta,Sal,,,12.8,12
3041,131,,2,21.1,8.2,Shorea robusta,Sal,,,13,12.2
3041,132,,3,1.2,14.8,Shorea robusta,Sal,,,16,12.7
3041,133,,3,4.1,14.9,Shorea robusta,Sal,,,12.8,14.2
3041,134,,4,18.2,24.1,Shorea robusta,Sal,,,10.9,10.3
3041,135,,4,2.4,23.9,Shorea robusta,Sal,,,11.7,10.4
3042,1,,1,5.6,1,Shorea robusta,Sal,12.3,11.53653137,18.6,16.6
3042,2,,1,11.6,1,Shorea robusta,Sal,12.2,11.45699134,19.2,17.1
3042,3,,1,11.1,1,Shorea robusta,Sal,10,9.519468112,13.4,11.7
3042,4,,1,13.4,1,Shorea robusta,Sal,12,11.29593643,15.5,12.2
3042,5,,1,12.5,1,Shorea robusta,Sal,9.5,7.884031018,14.1,10.4
3042,6,,1,16,1,Shorea robusta,Sal,10.9,10.35914911,16.8,13.1
3042,7,,1,19.9,1,Shorea robusta,Sal,11,10.44813238,15.9,10
3042,8,,1,24.5,1,Shorea robusta,Sal,10,9.519468112,14.5,14.8
3042,9,,2,3.6,9,Shorea robusta,Sal,15.9,14.03790687,23.8,15.3
3042,10,,2,5.1,7.8,Casearia graveolens,Barkaule,7.5,6.547794947,,
3042,11,,2,8.2,8.6,Shorea robusta,Sal,11,10.44813238,16.1,14.8
3042,12,,2,7,10.4,Shorea robusta,Sal,9.9,8.063013086,16.5,13.9
3042,13,,2,7.5,10.4,Shorea robusta,Sal,8,7.138252458,12,4.7
3042,14,,2,7,9.1,Shorea robusta,Sal,10.5,9.994859956,17.2,15.8
3042,15,,2,10.7,7.3,Shorea robusta,Sal,7.4,6.799922757,,
3042,16,,2,12,9.3,Shorea robusta,Sal,9.5,7.884031018,15.8,14.5
3042,17,,2,13,8.2,Shorea robusta,Sal,9.3,7.791693492,13.4,12.7
3042,18,,2,14.3,9.7,Shorea robusta,Sal,10.9,10.35914911,16.4,16.1
3042,19,,2,15,7.1,Shorea robusta,Sal,9.5,7.884031018,19,15.6
3042,20,,2,13.3,7.4,Sapium insigne,Khirro,3.3,3.292360764,,
3042,21,,2,16.7,8,Shorea robusta,Sal,9,7.649395498,15.6,17.7
3042,22,,2,18.6,9.3,Shorea robusta,Sal,9.7,7.974444705,12.2,9.6
3042,23,,2,19.4,10.2,Sapium insigne,Khirro,7,6.274217514,,
3042,24,,2,19.5,7.5,Shorea robusta,Sal,8.4,7.349987134,9.5,3.5
3042,25,,2,21.8,7.9,Shorea robusta,Sal,10.2,9.712416991,14.9,11.2
3042,26,,2,21,7,Shorea robusta,Sal,10,9.519468112,15.8,15.5
3042,27,,2,20.1,5.1,Shorea robusta,Sal,12.2,11.45699134,17,15.7
3042,28,,2,23.5,6,Shorea robusta,Sal,12,11.29593643,16.9,15.5
3042,29,,2,24.1,10.15,Shorea robusta,Sal,12.2,11.45699134,19.6,17.5
3042,30,,3,23.3,12.9,Shorea robusta,Sal,13.5,12.44356722,20.9,19.1
3042,31,,3,20.3,11.4,Shorea robusta,Sal,11.5,10.88125257,18,13.8
3042,32,,3,17.1,10.4,Shorea robusta,Sal,9.5,7.884031018,13.2,13.2
3042,33,33a,3,15,13,Shorea robusta,Sal,10,9.519468112,20.6,16.2
3042,34,33b,3,15,13,Shorea robusta,Sal,8.5,7.40134513,11.7,7.5
3042,35,,3,11.7,11.1,Shorea robusta,Sal,15.5,13.78964886,24.5,17.7
3042,36,,4,7,24.9,Shorea robusta,Sal,11.5,10.88125257,17.1,10.7
3042,37,,4,5.7,24.9,Cleistocalyx operculatus ,Kyamuna,11.5,8.938238483,17,6.4
3042,38,,4,10.7,22.1,Sapium insigne,Khirro,9.9,7.648688072,14.1,8.4
3042,39,,2,9,5.8,Shorea robusta,Sal,15.5,13.78964886,21.8,16.7
3042,40,,1,9.2,1,Shorea robusta,Sal,,,16,12.2
3042,41,,1,10.1,1,Shorea robusta,Sal,,,16.4,15.9
3042,42,,1,20.1,1,Shorea robusta,Sal,,,,
3042,43,,1,23.2,1,Shorea robusta,Sal,,,15.4,15
3042,44,,2,7.3,7.5,Casearia graveolens,Barkaule,,,,
3042,45,,1,7.3,1,Shorea robusta,Sal,,,12.5,7.1
3042,46,,1,9.6,1,Shorea robusta,Sal,,,,
3042,47,,1,22.2,1,Shorea robusta,Sal,,,11.8,10.2
3042,48,,2,12,9,Shorea robusta,Sal,,,,
3042,49,,3,7.5,11.3,Ehretia laevis ,Bohori,,,8,3
3042,50,,3,23.5,11.7,Shorea robusta,Sal,,,11.7,8.8
3042,51,,2,12,9,Shorea robusta,Sal,,,,
3042,52,,1,17.6,1,Shorea robusta,Sal,,,10.2,8.9
3042,53,,2,21.3,5,Shorea robusta,Sal,,,11.6,10.2
3042,54,,1,3.9,1,Shorea robusta,Sal,,,10.2,4.2
3043,1,,1,1.3,1,Syzygium cumini,Jamun,11.4,8.867795241,,
3043,2,,1,17.5,1,Syzygium cumini,Jamun,12,9.281511565,26.6,
3043,3,,1,18.5,1,Shorea robusta,Sal,16.5,14.39882221,24.1,
3043,4,,1,20,1,Shorea robusta,Sal,15.7,13.91456852,29.6,
3043,5,5a,2,18.3,5.7,Cleistocalyx operculatus ,Kyamuna,10,7.810960585,18.8,
3043,6,5b,2,18.1,5.7,Cleistocalyx operculatus ,Kyamuna,6,5.662963823,,
3043,7,,2,17.3,6.4,Shorea robusta,Sal,6.3,6.101533244,,
3043,8,,2,16,8.9,Shorea robusta,Sal,9.2,7.74477736,18.2,
3043,9,,2,8.5,9.5,Shorea robusta,Sal,6,5.889798569,,
3043,10,,2,8.9,8.9,Shorea robusta,Sal,5.5,5.512195296,,
3043,11,,2,5.6,8.4,Shorea robusta,Sal,14.3,13.00450483,26.5,
3043,12,,2,4.4,5.1,Shorea robusta,Sal,17,14.68969754,27.1,
3043,13,,2,1.5,6.7,Shorea robusta,Sal,11.4,10.79615509,16.4,
3043,14,,2,0.5,5.1,Shorea robusta,Sal,12.5,11.69368962,14.6,
3043,15,,3,3.6,10.5,Shorea robusta,Sal,12,11.29593643,17.3,
3043,16,,3,4.1,10.4,Shorea robusta,Sal,14,12.797919,,
3043,17,,3,4.1,13.9,Shorea robusta,Sal,12.3,11.53653137,17.5,
3043,18,,3,2.8,14.7,Shorea robusta,Sal,21,16.74860882,34.1,
3043,20,,3,16,13.3,Syzygium cumini,Jamun,9.1,7.314570532,17.5,
3043,21,,3,17.5,13.1,Shorea robusta,Sal,5.1,5.18451517,,
3043,22,,3,18.5,12.4,Syzygium cumini,Jamun,10.2,7.970682636,,
3043,23,,3,21.2,14.5,Syzygium cumini,Jamun,11.5,8.938238483,23.2,
3043,24,,4,22.1,22.2,Shorea robusta,Sal,10.5,9.994859956,11.7,
3043,25,,4,22.3,22.9,Shorea robusta,Sal,13,12.07584056,16.5,
3043,26,,4,16.6,21.1,Shorea robusta,Sal,10.5,9.994859956,16.7,
3043,27,,4,15.2,21.6,Shorea robusta,Sal,17.5,14.9721405,23.5,
3043,28,,4,9.1,21.2,Shorea robusta,Sal,15.1,13.53489971,27.1,
3043,29,,4,7.9,21,Shorea robusta,Sal,11.2,10.62369749,17.2,
3043,30,,4,8.5,23.8,Shorea robusta,Sal,11,10.44813238,14.1,
3043,31,,4,5.5,21.5,Shorea robusta,Sal,10.8,10.26934571,13,
3043,32,,4,4.2,23.4,Shorea robusta,Sal,13.7,12.58685804,18,
3043,33,,4,0.8,20.3,Shorea robusta,Sal,16.5,14.39882221,28.5,
3043,34,,3,23.2,13.2,Shorea robusta,Sal,14.9,13.40498311,25.2,
3043,36,,1,2,1,Shorea robusta,Sal,,,15.5,
3043,37,,1,7,1,Bambusa spp.,Bamboo,,,,
3043,38,,1,20,1,Bambusa spp.,Bamboo,,,,
3043,39,,2,5.9,8,Bambusa spp.,Bamboo,,,,
3043,40,,4,8.8,24.8,Shorea robusta,Sal,,,17.5,
3043,41,,4,18,25.8,Shorea robusta,Sal,11.5,10.88125257,20.1,
3043,42,,4,24.6,23,Shorea robusta,Sal,,,19,
3043,43,,2,24.3,9.15,Syzygium cumini,Jamun,,,14.8,
3043,44,,3,20.1,12.5,Shorea robusta,Sal,,,18.2,
3043,45,,4,3.6,24.45,Shorea robusta,Sal,,,,
3043,46,,4,16.3,22.55,Shorea robusta,Sal,,,11.5,
3044,1,,1,6.9,1,Shorea robusta,Sal,10.2,9.712416991,15.4,11.4
3044,2,,2,19.7,6.2,Shorea robusta,Sal,7,6.558766274,12.3,12.7
3044,3,,2,19.8,9.5,Shorea robusta,Sal,4,4.130201639,14.2,11.3
3044,4,,2,17.3,6.8,Shorea robusta,Sal,5,5.098577709,7.8,6.2
3044,5,,2,17.6,5.2,Semecarpus anacardium,Bhalayo,15.2,11.18815253,,
3044,6,,2,15.3,9.7,Shorea robusta,Sal,10.2,9.712416991,12.5,8.1
3044,7,,2,15.2,9.3,Shorea robusta,Sal,7.5,6.858174638,,
3044,8,,2,14.4,8.8,Shorea robusta,Sal,3.5,3.550715454,,
3044,9,9a,2,14.2,7.9,Lagerstroemia parviflora,Botdhairo,2.7,2.496641256,,
3044,10,,2,14.4,7.4,Shorea robusta,Sal,6,5.889798569,13.8,12.6
3044,11,,2,13.4,6.5,Shorea robusta,Sal,9.8,8.018954839,,
3044,12,,2,13.8,5.6,Shorea robusta,Sal,6.4,6.169876389,12.8,11.8
3044,13,,2,12.8,5.8,Lagerstroemia parviflora,Botdhairo,2.5,2.191467639,,
3044,14,,2,12.3,6.5,Shorea robusta,Sal,2.5,2.090526889,,
3044,15,,2,11.8,6.9,Shorea robusta,Sal,2.5,2.090526889,,
3044,16,,2,11.1,7.7,Shorea robusta,Sal,3.2,3.161825569,,
3044,17,,2,10.7,5.7,Shorea robusta,Sal,3.7,3.791871937,,
3044,18,,2,8.7,6.6,Shorea robusta,Sal,11.7,11.04924984,15.8,12.3
3044,19,,2,7.8,6.7,Shorea robusta,Sal,5.2,5.268783837,,
3044,20,,2,6.1,6.6,Shorea robusta,Sal,6.3,6.101533244,,
3044,21,,2,5.4,7.6,Shorea robusta,Sal,47.4,24.68087155,54.2,22.7
3044,22,,2,5.4,6.3,Shorea robusta,Sal,6.6,6.303416156,10,2.7
3044,23,,2,6.1,9.1,Shorea robusta,Sal,5.1,5.18451517,,
3044,24,,3,6.1,14,Shorea robusta,Sal,49,25.00434026,52,13.4
3044,25,,3,5.2,10.45,Shorea robusta,Sal,5.5,5.512195296,,
3044,26,,3,6.3,11.6,Shorea robusta,Sal,10.5,9.994859956,14.2,11.3
3044,27,,3,8.2,10.5,Shorea robusta,Sal,17.5,14.9721405,20.5,12.7
3044,28,,3,10.2,14.5,Shorea robusta,Sal,13.7,12.58685804,18.5,13.8
3044,29,,3,11.1,10.5,Shorea robusta,Sal,14.7,13.27331084,21.3,15.5
3044,30,,3,14.2,12.3,Shorea robusta,Sal,7,6.558766274,13,11
3044,31,,3,14.9,12.5,Shorea robusta,Sal,7.3,6.740878309,10.5,8.4
3044,32,,3,15,13.2,Shorea robusta,Sal,7.7,6.972383861,10.4,9.1
3044,33,,3,16.5,14.1,Shorea robusta,Sal,4.1,4.23736017,14.1,11.3
3044,34,,3,16.6,11.7,Cleistocalyx operculatus ,Kyamuna,6.9,6.217161853,12.5,10.7
3044,35,,3,19.9,11.5,Shorea robusta,Sal,11.5,10.88125257,15.5,13.6
3044,36,,3,23,14,Shorea robusta,Sal,11.4,10.79615509,16.7,14.5
3044,37,,4,17.6,20.4,Shorea robusta,Sal,12.3,11.53653137,,
3044,38,,4,12.6,21.3,Shorea robusta,Sal,14,12.797919,17.3,10.9
3044,39,,4,10.2,20.7,Shorea robusta,Sal,11.7,11.04924984,14,2
3044,40,,4,8,20.5,Shorea robusta,Sal,14.3,13.00450483,20.6,14.2
3044,41,,4,6.7,22.1,Shorea robusta,Sal,13,12.07584056,20.8,14.5
3044,42,,1,13.9,1,Shorea robusta,Sal,,,12.7,11.1
3044,43,,1,15.1,1,Shorea robusta,Sal,,,15.3,15.2
3044,44,,1,17.5,1,Shorea robusta,Sal,,,14.7,12.7
3044,45,,1,18.9,1,Shorea robusta,Sal,,,14.2,12.5
3044,46,,1,21.8,1,Shorea robusta,Sal,,,13,13.6
3044,47,,2,19.6,8,Shorea robusta,Sal,,,7.4,6.1
3044,48,9b,2,14.2,7.9,Lagerstroemia parviflora,Botdhairo,,,3.7,1.5
3044,49,,2,11.1,10.4,Lagerstroemia parviflora,Botdhairo,,,,
3044,50,,3,3.6,15,Shorea robusta,Sal,,,12.2,10.2
3044,51,,3,3.8,14.8,Shorea robusta,Sal,,,12.7,7.8
3044,52,,3,10.5,33.1,Shorea robusta,Sal,,,,
3044,53,,4,24.8,23.6,Shorea robusta,Sal,,,17.2,12.5
3044,54,,4,21,24.8,Shorea robusta,Sal,,,13.7,11.1
3044,55,,4,19.5,24.2,Shorea robusta,Sal,,,11.9,10
3044,56,,4,17.4,24.5,Shorea robusta,Sal,,,11.5,5.2
3044,57,,1,10,1,Shorea robusta,Sal,,,15.5,12.8
3044,58,,1,15,1,Shorea robusta,Sal,,,12.5,11.2
3044,59,,1,14.1,1,Shorea robusta,Sal,,,12.8,11.8
3044,60,,1,12,1,Shorea robusta,Sal,,,12.4,12.1
3044,61,,2,13,6.2,Lagerstroemia parviflora,Botdhairo,,,,
3044,62,,1,23,1,Shorea robusta,Sal,,,,
3044,63,,1,20.3,1,Shorea robusta,Sal,,,,
3044,64,,2,22,9.5,Shorea robusta,Sal,,,12.4,14
3044,65,,3,23,13.5,Shorea robusta,Sal,,,,
3044,66,,3,2.7,10.8,Shorea robusta,Sal,,,12.2,10
3044,67,,3,3.4,12,Shorea robusta,Sal,,,14.2,11.4
3044,68,,3,0.8,12,Shorea robusta,Sal,,,11.1,9
3044,69,,4,12.6,22.3,Shorea robusta,Sal,,,15.6,14
3044,70,,4,15.3,24,Shorea robusta,Sal,,,12.1,
3045,1,,1,4.3,1,Shorea robusta,Sal,15,13.47015794,24,19.2
3045,2,,1,6.6,1,Sapium insigne,Khirro,9.9,7.648688072,13.2,9.4
3045,3,3a,1,13.8,1,Shorea robusta,Sal,16,14.09899547,20.6,15.6
3045,4,3b,1,13.8,1,Shorea robusta,Sal,10,9.519468112,,
3045,5,,1,17.6,1,Lagerstroemia parviflora,Botdhairo,10.5,8.204487412,14,10.1
3045,6,,1,20.3,1,Shorea robusta,Sal,15,13.47015794,25.7,20.8
3045,7,,1,22.6,1,Lagerstroemia parviflora,Botdhairo,12,9.281511565,18,13.7
3045,8,,1,23.85,1,Shorea robusta,Sal,13,12.07584056,18.5,15.6
3045,9,,1,24.25,1,Shorea robusta,Sal,10,9.519468112,17.8,12.3
3045,10,,2,3,9.17,Shorea robusta,Sal,13,12.07584056,13.6,5.3
3045,11,,2,4.1,6.7,Lagerstroemia parviflora,Botdhairo,11,8.579703902,12.8,9.4
3045,12,,2,4.9,7.4,Shorea robusta,Sal,10,9.519468112,12.8,13.7
3045,13,,2,5.35,7.2,Shorea robusta,Sal,5.5,5.512195296,,
3045,14,,2,7,8.1,Shorea robusta,Sal,10,9.519468112,15.4,13.7
3045,15,,2,7.35,9.7,Shorea robusta,Sal,8,7.138252458,13.1,8.7
3045,16,,2,6.65,7.9,Shorea robusta,Sal,6,5.889798569,,
3045,17,,2,6.75,7.9,Sapium insigne,Khirro,8,6.803709545,10.2,8
3045,18,,2,7.85,5.5,Shorea robusta,Sal,4.5,4.641344679,,
3045,19,,2,8.33,7,Shorea robusta,Sal,8.5,7.40134513,11.9,5.8
3045,20,,2,8.35,7.8,Sapium insigne,Khirro,10,7.810960585,11.5,8.1
3045,21,,2,9.45,5.1,Shorea robusta,Sal,5.7,5.667201059,,
3045,22,,2,9.7,6.9,Shorea robusta,Sal,5.5,5.512195296,,
3045,23,,2,9.5,9.4,Shorea robusta,Sal,12,11.29593643,14.5,11.2
3045,24,,2,8.45,10.7,Shorea robusta,Sal,9,7.649395498,12.5,5.3
3045,25,,2,11.23,9.4,Shorea robusta,Sal,8.2,7.245410989,14.5,11.2
3045,26,,2,11.35,7.75,Lagerstroemia parviflora,Botdhairo,8.3,6.949687993,9.3,5.3
3045,27,,2,11.97,7.3,Sapium insigne,Khirro,5.2,5.095526048,,
3045,28,,2,12.27,5.35,Sapium insigne,Khirro,5,4.940004154,,
3045,29,,2,13.7,6.4,Shorea robusta,Sal,12.2,11.45699134,15.3,7
3045,30,,2,14.9,10.3,Shorea robusta,Sal,12.7,11.84835318,16.6,13.3
3045,31,,2,14,7.3,Shorea robusta,Sal,5.5,5.512195296,,
3045,32,,2,15.7,7.4,Lagerstroemia parviflora,Botdhairo,8,6.803709545,,
3045,33,,2,16.5,6.5,Shorea robusta,Sal,6,5.889798569,,
3045,34,,2,17.75,6.5,Shorea robusta,Sal,12,11.29593643,19.8,14.3
3045,35,,2,18.22,7.5,Shorea robusta,Sal,8,7.138252458,,
3045,36,,2,18.53,9,Sapium insigne,Khirro,4,4.05517303,9.7,7.6
3045,37,,2,16.9,9.6,Shorea robusta,Sal,7.2,6.681019429,16.6,13.3
3045,38,,2,17.4,10.5,Shorea robusta,Sal,5.5,5.512195296,,
3045,39,,2,18.1,10.1,Sapium insigne,Khirro,6.2,5.792985308,,
3045,40,,2,20.6,8.65,Sapium insigne,Khirro,8,6.803709545,10.8,8.3
3045,41,,3,0.1,10.7,Sapium insigne,Khirro,12,9.281511565,15.8,11.1
3045,42,,3,1,11.7,Shorea robusta,Sal,13,12.07584056,17.5,16.5
3045,43,,3,3.32,15.3,Shorea robusta,Sal,10,9.519468112,13.9,12.2
3045,44,,3,6.2,10.15,Shorea robusta,Sal,10.5,9.994859956,17.2,14.6
3045,45,,3,7.7,13.7,Cleistocalyx operculatus ,Kyamuna,14,10.5248447,23.9,11.8
3045,46,,3,8.5,14.3,Shorea robusta,Sal,6,5.889798569,,
3045,47,,3,7.4,14.8,Shorea robusta,Sal,7,6.558766274,,
3045,48,48a,3,11.7,12,Shorea robusta,Sal,17,14.68969754,24.8,18
3045,49,48b,3,11.7,12,Shorea robusta,Sal,5,5.098577709,,
3045,50,,3,14.3,14.8,Sapium insigne,Khirro,7,6.274217514,,
3045,51,,3,14.05,11.2,Shorea robusta,Sal,6,5.889798569,,
3045,52,,3,15.6,11.6,Shorea robusta,Sal,11.5,10.88125257,18.2,13.6
3045,53,,3,15.5,15.3,Shorea robusta,Sal,10,9.519468112,11.3,5.2
3045,54,54a,3,16.7,13.7,Shorea robusta,Sal,10,9.519468112,11.5,3.5
3045,55,54b,3,16.6,13.7,Shorea robusta,Sal,5.5,5.512195296,,
3045,56,,3,17.8,11,Shorea robusta,Sal,7,6.558766274,,
3045,57,,3,19.6,11,Shorea robusta,Sal,6.5,6.237159907,,
3045,58,,3,24.2,12,Shorea robusta,Sal,9.5,7.884031018,21.7,13.6
3045,59,,4,5.4,24.8,Shorea robusta,Sal,13.5,12.44356722,19.1,14.3
3045,60,,4,14.2,21.5,Sapium insigne,Khirro,9.9,7.648688072,14.8,9.5
3045,61,,2,2.5,10.4,Shorea robusta,Sal,,,16.2,14.5
3045,62,,4,3,23,Shorea robusta,Sal,,,14.5,11.3
3045,63,,4,3,22,Shorea robusta,Sal,,,11.1,5.9
3045,64,,4,1.5,21.8,Shorea robusta,Sal,,,11.4,9.4
3045,65,,4,0.6,25.3,Syzygium cumini,Jamun,,,14.8,9.9
3045,66,,3,2.1,15,Sapium insigne,Khirro,,,,
3045,67,,4,9.4,24.3,Sapium insigne,Khirro,,,13,7.9
3045,68,,3,1.4,13.9,Sapium insigne,Khirro,,,10.1,8.6
3045,69,,3,15.6,14.5,Sapium insigne,Khirro,,,9.4,6.4
3045,70,,2,10.2,5.2,Sapium insigne,Khirro,,,6.5,7.3
3045,71,,2,11.2,6,Lagerstroemia parviflora,Botdhairo,,,15.5,3.5
3045,72,,1,14.6,1,Sapium insigne,Khirro,,,11.5,6.6
3046,1,,1,2.6,1,Shorea robusta,Sal,10.9,10.35914911,,
3046,2,,1,2.5,1,Shorea robusta,Sal,11.3,10.71030784,11.7,10.1
3046,3,,1,2.5,1,Shorea robusta,Sal,10.3,9.807477258,13,10.5
3046,4,,1,10,1,Lagerstroemia parviflora,Botdhairo,11,8.579703902,,
3046,5,,1,11,1,Shorea robusta,Sal,15.3,13.66310682,20.6,17.6
3046,6,,1,11.8,1,Lagerstroemia parviflora,Botdhairo,13.4,10.17154589,,
3046,7,,1,13.2,1,Shorea robusta,Sal,12.6,11.77132828,17.9,10.9
3046,8,,1,18.1,1,Terminalia bellirica ,Barro,26.9,15.79230299,28.5,15
3046,9,,1,22,1,Cassia fistula,Rajbrikhsa,10.1,7.891216968,,
3046,10,,1,23.9,1,Callicarpa arborea ,Guheli,17.1,12.13815516,18,7.5
3046,11,,2,18.9,6.3,Shorea robusta,Sal,8.5,7.40134513,11.4,7.3
3046,12,,2,19,9.4,Shorea robusta,Sal,8.7,7.502272934,,
3046,13,,2,18,10,Shorea robusta,Sal,5,5.098577709,8,1
3046,14,,2,17.7,9.9,Shorea robusta,Sal,7.3,6.740878309,,
3046,15,,2,17.6,8.6,Lagerstroemia parviflora,Botdhairo,9.5,7.485147369,13.4,12.9
3046,16,,2,16.3,5.4,Shorea robusta,Sal,4.8,4.921422499,8.5,1.9
3046,17,,2,14.8,9.94,Shorea robusta,Sal,2.6,2.260733018,6.3,5.7
3046,18,,2,14.9,8.5,Shorea robusta,Sal,3,2.881747749,6.3,1.5
3046,19,,2,14.8,7.7,Shorea robusta,Sal,3.1,3.024045743,,
3046,20,,2,14,8.18,Shorea robusta,Sal,2.1,1.333885495,,
3046,22,,2,12.8,9,Shorea robusta,Sal,5.6,5.590390204,,
3046,23,,2,11.4,5.4,Shorea robusta,Sal,14.6,13.20680137,16.8,12.7
3046,24,,2,10.6,9.36,Shorea robusta,Sal,2.1,1.333885495,,
3046,25,,2,9.7,6.4,Shorea robusta,Sal,4.8,4.921422499,8.5,9.1
3046,26,,2,12,5.6,Shorea robusta,Sal,3,2.881747749,,
3046,27,,2,9.5,7.55,Callicarpa arborea ,Guheli,29.2,16.45403256,,
3046,28,,2,8.5,9.56,Shorea robusta,Sal,5.4,5.432565539,8.9,6
3046,29,,2,6.1,6,Shorea robusta,Sal,10.3,9.807477258,15.5,12.8
3046,30,,2,5,8.06,Shorea robusta,Sal,5.7,5.667201059,8.9,9.1
3046,31,,2,4.5,8.06,Lagerstroemia parviflora,Botdhairo,18.8,12.90260936,21.2,9.2
3046,32,,2,3.3,7.64,Shorea robusta,Sal,12.2,11.45699134,21.6,15.5
3046,33,,2,2,6,Shorea robusta,Sal,13.7,12.58685804,19.1,15.9
3046,34,,3,5.16,15,Shorea robusta,Sal,13.2,12.2246007,20.5,15.1
3046,35,,3,5.6,11,Shorea robusta,Sal,16.5,14.39882221,30.2,20.7
3046,36,,3,7.5,10,Shorea robusta,Sal,5.8,5.742676005,7.8,8.9
3046,37,,3,8,11.5,Lagerstroemia parviflora,Botdhairo,6.2,5.792985308,,
3046,39,,3,9.25,12.9,Shorea robusta,Sal,8.7,7.502272934,11.4,10
3046,40,,3,9.25,15.4,Shorea robusta,Sal,7.1,6.620323334,12,11.3
3046,41,,3,11.5,15,Shorea robusta,Sal,4.4,4.543819226,8.8,6.2
3046,42,,3,12.4,15.2,Shorea robusta,Sal,4,4.130201639,,
3046,43,,3,11.8,13.2,Shorea robusta,Sal,5.5,5.512195296,7.8,6
3046,44,,3,14,12.16,Shorea robusta,Sal,10.5,9.994859956,17.3,11.4
3046,45,,3,15.25,12.5,Shorea robusta,Sal,4.1,4.23736017,8.8,5.2
3046,46,,3,15.3,10.6,Shorea robusta,Sal,11,10.44813238,18.2,17.3
3046,47,,3,16.3,11.2,Shorea robusta,Sal,18.5,15.51359091,30.7,22.1
3046,48,,3,16.5,11.1,Lagerstroemia parviflora,Botdhairo,11.2,8.725035762,,
3046,49,,3,17.4,12.9,Casearia graveolens,Barkaule,5.2,5.095526048,6.4,5.2
3046,50,,3,18,13.8,Shorea robusta,Sal,9.8,8.018954839,12.5,10.8
3046,51,,3,18.3,11.5,Shorea robusta,Sal,6.6,6.303416156,10.4,9.8
3046,52,,3,20.2,13,Shorea robusta,Sal,15,13.47015794,19.6,16.3
3046,53,,3,23.3,10.2,Shorea robusta,Sal,19.5,16.02653039,28.5,17.3
3046,54,,4,22.7,20.1,Shorea robusta,Sal,12.5,11.69368962,22.3,11
3046,55,,4,11.8,23.2,Shorea robusta,Sal,16.3,14.27999634,23.6,17.9
3046,56,,4,8.6,23.7,Shorea robusta,Sal,12.7,11.84835318,24.4,17.2
3046,57,,2,13.9,6.2,Shorea robusta,Sal,4,4.130201639,6.2,3
3046,58,,3,13.2,14.9,Shorea robusta,Sal,4.4,4.543819226,6.8,5.4
3046,59,,1,1.7,1,Shorea robusta,Sal,,,11.9,11.1
3046,60,,1,12.7,1,Shorea robusta,Sal,,,18.2,16.6
3046,61,,1,16,1,Shorea robusta,Sal,,,15,12.5
3046,62,,2,18.3,6.5,Shorea robusta,Sal,,,8.3,8.2
3046,63,,2,18.3,6.2,Shorea robusta,Sal,,,,
3046,64,,2,18.5,8.7,Shorea robusta,Sal,,,,
3046,65,,2,18,10,Shorea robusta,Sal,,,,
3046,66,,2,16,8,Shorea robusta,Sal,,,6.4,5.9
3046,67,,2,15,8,Shorea robusta,Sal,,,,
3046,68,,2,1,6,Schima wallichii,Chilaune,,,19.2,18
3046,69,,3,12,12,Shorea robusta,Sal,,,5.5,1.2
3046,70,,3,11.9,12.5,Shorea robusta,Sal,,,4,1.4
3046,71,,3,12.5,11.8,Shorea robusta,Sal,,,6,6.2
3046,72,,3,12.5,13,Shorea robusta,Sal,,,5.6,5
3046,73,,3,13.1,10.5,Shorea robusta,Sal,,,10,9.6
3046,74,,3,13.3,14,Shorea robusta,Sal,,,7.4,5.3
3046,75,,3,13.8,13.8,Shorea robusta,Sal,,,,
3046,76,,4,17.7,20.4,Shorea robusta,Sal,,,12.9,10.8
3046,77,,1,20,1,Shorea robusta,Sal,,,11.2,8
3046,78,,2,11.4,9.5,Shorea robusta,Sal,,,15.9,13.5
3046,79,,2,10.5,9.5,Shorea robusta,Sal,,,3.9,4.1
3046,80,,2,9.9,9.5,Shorea robusta,Sal,,,5.8,6.1
3046,81,,4,1.5,20.2,Artocarpus lacucha,Badahar,,,,
3046,82,,4,6,25,Shorea robusta,Sal,,,11.2,9.8
3046,83,,4,21,22.5,Shorea robusta,Sal,,,13.5,14.5
3046,84,,3,2,15,Lagerstroemia parviflora,Botdhairo,,,12.3,10.7
3047,1,,1,1.3,1,Shorea robusta,Sal,15,13.47015794,22,16.5
3047,2,,1,0.3,1,Shorea robusta,Sal,11.9,11.21439956,17.2,16.2
3047,3,,1,0.5,1,Shorea robusta,Sal,13.8,12.65772089,23,16.7
3047,4,,1,4.3,1,Lagerstroemia parviflora,Botdhairo,14.6,10.86331534,,
3047,5,,1,6.8,1,Shorea robusta,Sal,11.5,10.88125257,,
3047,6,,1,9.7,1,Shorea robusta,Sal,15,13.47015794,,
3047,7,,1,13.5,1,Shorea robusta,Sal,11.4,10.79615509,20.4,18.6
3047,8,,1,16.3,1,Shorea robusta,Sal,12,11.29593643,,
3047,9,,1,21.2,1,Shorea robusta,Sal,13,12.07584056,20.4,16.3
3047,10,,1,21.3,1,Shorea robusta,Sal,16.5,14.39882221,28,18.6
3047,11,,2,22.8,6.8,Shorea robusta,Sal,11.7,11.04924984,19.2,17.3
3047,12,,2,22.7,8.6,Shorea robusta,Sal,11,10.44813238,13.9,16.7
3047,13,,2,19.4,9.8,Shorea robusta,Sal,5.5,5.512195296,,
3047,14,,2,19.3,8.9,Shorea robusta,Sal,9.5,7.884031018,16,16.5
3047,15,,2,18.3,8.3,Shorea robusta,Sal,7.7,6.972383861,10.8,11.1
3047,16,,2,19,7.6,Shorea robusta,Sal,7.4,6.799922757,11,9.6
3047,17,,2,19.3,6.7,Shorea robusta,Sal,7.2,6.681019429,11.4,11.9
3047,18,,2,18.5,5.4,Shorea robusta,Sal,4,4.130201639,,
3047,19,,2,14.5,10.2,Shorea robusta,Sal,6.6,6.303416156,,
3047,20,,2,14.9,10.2,Lagerstroemia parviflora,Botdhairo,19.9,13.36124814,22,13.8
3047,21,,2,15.5,8.2,Shorea robusta,Sal,6,5.889798569,,
3047,22,,2,14.7,7.7,Sapium insigne,Khirro,2.2,1.684569971,,
3047,23,,2,14,6.6,Shorea robusta,Sal,15.5,13.78964886,23,17.9
3047,24,,2,13.6,5.2,Shorea robusta,Sal,12.5,11.69368962,16.8,12.4
3047,25,,2,11.5,9.8,Shorea robusta,Sal,3.1,3.024045743,,
3047,26,,2,12.5,9.1,Shorea robusta,Sal,4.2,4.341936314,,
3047,27,,2,11.4,8.3,Shorea robusta,Sal,6.7,6.368676032,,
3047,28,,2,10.8,9.3,Shorea robusta,Sal,14.7,13.27331084,24.6,18.8
3047,29,,2,10.3,9.9,Shorea robusta,Sal,12.4,11.61542735,12.5,4.7
3047,30,,2,9.2,7.8,Shorea robusta,Sal,6.1,5.96153078,,
3047,31,,2,9.4,6.1,Shorea robusta,Sal,4.5,4.641344679,,
3047,32,,2,10.5,5.8,Casearia graveolens,Barkaule,2,1.306636515,,
3047,33,,2,6.6,5.4,Shorea robusta,Sal,14.7,13.27331084,18.5,15.8
3047,34,,2,5.6,6.9,Shorea robusta,Sal,7.7,6.972383861,10.8,9.4
3047,35,,2,5.6,8.6,Shorea robusta,Sal,11.6,10.96561327,21,16.5
3047,36,,2,2.9,7.8,Shorea robusta,Sal,11,10.44813238,,
3047,37,,2,1.3,7.9,Shorea robusta,Sal,11.6,10.96561327,14.7,15.4
3047,38,,2,0.3,7.3,Shorea robusta,Sal,13.6,12.51547603,,
3047,39,,2,3.7,5.35,Shorea robusta,Sal,10.2,9.712416991,15,15.7
3047,40,,3,0.2,12.7,Shorea robusta,Sal,12.5,11.69368962,16.5,15.5
3047,41,,3,2.4,14.1,Shorea robusta,Sal,11,10.44813238,15.5,14.3
3047,42,,3,3.7,13.5,Lagerstroemia parviflora,Botdhairo,10.6,8.280940117,12.5,16
3047,43,,3,3.1,12.9,Shorea robusta,Sal,10.6,10.08721705,14.4,14.1
3047,44,,3,3.4,11.7,Shorea robusta,Sal,13.6,12.51547603,24.5,18.6
3047,45,,3,6.2,14.6,Shorea robusta,Sal,11.1,10.53631036,13.5,12.5
3047,46,,3,5.8,13.3,Shorea robusta,Sal,7.8,7.028380767,10,9.6
3047,47,,3,7.8,14.3,Shorea robusta,Sal,5.4,5.432565539,,
3047,48,,3,8.1,13.8,Shorea robusta,Sal,7.9,7.083664317,10.4,10
3047,49,,3,9.3,14.7,Shorea robusta,Sal,10.8,10.26934571,15.5,15.8
3047,50,,3,12.7,10.6,Shorea robusta,Sal,13.9,12.7280721,17.8,13.4
3047,51,,3,13.5,12.7,Shorea robusta,Sal,4.7,4.830057019,,
3047,52,,3,14.2,13.2,Shorea robusta,Sal,10.8,10.26934571,18.4,15.7
3047,53,,3,14.8,13.5,Shorea robusta,Sal,8,7.138252458,,
3047,54,,3,18.5,12.3,Shorea robusta,Sal,11.6,10.96561327,13.9,13.2
3047,55,,3,19.8,12.1,Shorea robusta,Sal,19,15.77343564,29.8,21.1
3047,56,,3,19.9,11.9,Shorea robusta,Sal,11,10.44813238,14.8,14
3047,57,,3,18.9,11,Shorea robusta,Sal,4.5,4.641344679,,
3047,58,,3,21,11.8,Shorea robusta,Sal,10,9.519468112,11,11.4
3047,59,,3,20,14.5,Shorea robusta,Sal,18.5,15.51359091,26.8,18.3
3047,60,,4,16.1,21.7,Shorea robusta,Sal,11.1,10.53631036,19.2,17.6
3047,61,,4,15,22,Shorea robusta,Sal,10.7,10.17870692,14,10.1
3047,62,,4,14.2,24.2,Shorea robusta,Sal,10,9.519468112,13.5,13.1
3047,63,,4,10,21.5,Shorea robusta,Sal,13.2,12.2246007,17.2,14.2
3047,64,,4,10.1,22.3,Shorea robusta,Sal,10.5,9.994859956,12,10.1
3047,65,,4,11.2,21.5,Shorea robusta,Sal,15,13.47015794,18.5,16.2
3047,66,,4,10.2,20.2,Shorea robusta,Sal,12.5,11.69368962,17,17.2
3047,67,,4,8.3,22.7,Shorea robusta,Sal,13.1,12.15050453,19,15.2
3047,68,,4,5.4,22.3,Shorea robusta,Sal,10.2,9.712416991,16.2,14.2
3047,69,,1,4.2,1,Shorea robusta,Sal,,,21,17.7
3047,70,,1,10.9,1,Shorea robusta,Sal,,,12.3,14.8
3047,71,,2,24.6,7.2,Shorea robusta,Sal,,,12.5,13.4
3047,72,,2,0.4,10,Shorea robusta,Sal,,,,
3047,73,,3,23,15,Shorea robusta,Sal,,,11.2,11.1
3047,74,,4,24,25,Shorea robusta,Sal,,,11.5,9.9
3047,75,,4,20.6,24,Shorea robusta,Sal,,,13.4,16.1
3047,76,,4,17.6,24.8,Shorea robusta,Sal,,,14,14.4
3047,77,,4,16.3,24.3,Shorea robusta,Sal,,,14.1,13.5
3047,78,,4,17.1,22.5,Shorea robusta,Sal,,,12.8,13.5
3047,79,,4,12,21,Shorea robusta,Sal,,,12,13.1
3047,80,,4,7,20.9,Shorea robusta,Sal,,,12.6,13
3047,81,,4,3,25,Shorea robusta,Sal,,,14,13.2
3047,82,,4,2.9,24.8,Shorea robusta,Sal,,,13.8,13.9
3047,83,,4,1.8,22.5,Shorea robusta,Sal,,,13.5,12.6
3047,84,,4,0.2,22,Shorea robusta,Sal,,,12.8,12.3
3047,85,,1,4.2,1,Shorea robusta,Sal,,,12.5,13
3047,86,,3,17,13.54,Shorea robusta,Sal,,,,
3047,87,,4,8,23.4,Shorea robusta,Sal,,,14.5,13.1
3047,88,,4,0.9,23.2,Shorea robusta,sal,,,10,9.4
3048,1,,1,5.9,1,Shorea robusta,Sal,15,13.47015794,23.4,20.4
3048,2,,1,7.4,1,Lagerstroemia parviflora,Botdhairo,10.2,7.970682636,11.1,3.2
3048,3,,1,12.7,1,Shorea robusta,Sal,11,10.44813238,16.5,14.2
3048,4,,1,14.2,1,Shorea robusta,Sal,14,12.797919,24.8,21.5
3048,5,,1,16,1,Shorea robusta,Sal,10.9,10.35914911,12.7,7.9
3048,6,,1,16.7,1,Lagerstroemia parviflora,Botdhairo,11.2,8.725035762,,
3048,7,,1,18.4,1,Shorea robusta,Sal,10.5,9.994859956,16.9,16.5
3048,8,,1,21,1,Shorea robusta,Sal,13,12.07584056,20,19.4
3048,9,,1,22.1,1,Shorea robusta,Sal,13.2,12.2246007,20.7,17.1
3048,10,,1,22,1,Shorea robusta,Sal,10,9.519468112,13.5,13.4
3048,11,,2,24.6,6.3,Lagerstroemia parviflora,Botdhairo,13,9.927112032,17.9,15.7
3048,12,,2,22.5,5.2,Shorea robusta,Sal,10,9.519468112,19.3,18.2
3048,13,,2,18.2,10,Shorea robusta,Sal,14.4,13.07240475,18.1,14.9
3048,14,,2,18.6,9,Lagerstroemia parviflora,Botdhairo,9.5,7.485147369,,
3048,15,,2,17.2,8.2,Shorea robusta,Sal,5.7,5.667201059,,
3048,16,,2,17.9,7.2,Shorea robusta,Sal,18.4,15.46077994,27.6,20
3048,17,,2,16.4,6.9,Shorea robusta,Sal,6.4,6.169876389,,
3048,18,,2,15.4,9.8,Shorea robusta,Sal,6.9,6.49632347,,
3048,19,,2,15.7,8.8,Shorea robusta,Sal,11.2,10.62369749,,
3048,20,,2,14.4,5.8,Shorea robusta,Sal,7.1,6.620323334,,
3048,21,,2,12.6,6.1,Shorea robusta,Sal,9.5,7.884031018,11.5,10.8
3048,22,,2,12.2,9.1,Shorea robusta,Sal,11,10.44813238,13.9,11.4
3048,23,,2,12.5,10.3,Shorea robusta,Sal,13,12.07584056,23.7,15.8
3048,24,,2,10.9,6.5,Shorea robusta,Sal,10,9.519468112,18,19.2
3048,25,,2,10.2,5.8,Shorea robusta,Sal,7.8,7.028380767,8.9,1.8
3048,26,,2,8.4,6.8,Shorea robusta,Sal,16.8,14.57438732,26.2,19.1
3048,27,,2,8.4,8.7,Shorea robusta,Sal,13.5,12.44356722,19.9,19.4
3048,28,,2,9.5,10.2,Shorea robusta,Sal,5.5,5.512195296,,
3048,29,,2,7.9,10.2,Shorea robusta,Sal,12.3,11.53653137,15.9,18.1
3048,30,,2,7,6.7,Shorea robusta,Sal,9.2,7.74477736,10.5,9.2
3048,31,,2,3,9.4,Shorea robusta,Sal,14.1,12.86726876,21.1,16.9
3048,32,,2,2.7,5.6,Shorea robusta,Sal,18,15.24662626,25.5,20.7
3048,33,,2,0.1,6.4,Lagerstroemia parviflora,Botdhairo,15,11.08132051,17.2,13.5
3048,34,,3,0.3,11.6,Shorea robusta,Sal,13.4,12.37112376,25.9,20.8
3048,35,,3,1.7,11.4,Cassia fistula,Rajbrikhsa,10.5,8.204487412,12.4,11.1
3048,38,,3,5.5,13.2,Lagerstroemia parviflora,Botdhairo,8.8,7.181643001,11.5,10.1
3048,39,,3,6.9,10.1,Shorea robusta,Sal,15.4,13.72658326,25.1,22.4
3048,40,,3,10,14.3,Sapium insigne,Khirro,5.5,5.31793761,,
3048,41,,3,9.6,12.5,Shorea robusta,Sal,9,7.649395498,11.7,12.8
3048,42,,3,11,12.1,Cleistocalyx operculatus ,Kyamuna,18.5,12.77286339,20.5,13.7
3048,43,,3,11.2,13.8,Sapium insigne,Khirro,4.1,4.153086647,,
3048,44,,3,12,13.2,Lagerstroemia parviflora,Botdhairo,10.1,7.891216968,,
3048,45,,3,12,14.6,Shorea robusta,Sal,12,11.29593643,19.6,17.9
3048,47,,3,13.3,15.1,Sapium insigne,Khirro,6.5,5.980357172,,
3048,48,,3,13.2,12.1,Shorea robusta,Sal,6.2,6.032096563,10.5,5.8
3048,49,,3,15,12.6,Shorea robusta,Sal,13.2,12.2246007,26.9,22
3048,50,,3,17.4,12.3,Sapium insigne,Khirro,6,5.662963823,,
3048,51,,3,18.7,12,Sapium insigne,Khirro,7.3,6.440618153,8.7,2.5
3048,52,,3,19,15.1,Shorea robusta,Sal,5.2,5.268783837,,
3048,53,,3,20.1,15.1,Lagerstroemia parviflora,Botdhairo,16,11.60186886,21.7,18
3048,54,,3,22.8,13.7,Lagerstroemia parviflora,Botdhairo,10.5,8.204487412,18.7,16.1
3048,55,,3,21.4,11.6,Shorea robusta,Sal,14.5,13.13983478,23.4,17.4
3048,56,,4,24.6,21.8,Lagerstroemia parviflora,Botdhairo,10.5,8.204487412,,
3048,57,,4,21,20.5,Lagerstroemia parviflora,Botdhairo,10,7.810960585,12.6,7.5
3048,58,,4,20.2,22.4,Shorea robusta,Sal,17.5,14.9721405,26.9,20.5
3048,59,,4,14.1,20.2,Shorea robusta,Sal,12.9,12.00060003,17.4,15.7
3048,60,,4,10.1,20.1,Lagerstroemia parviflora,Botdhairo,12,9.281511565,19.1,15.2
3048,61,,4,9,21,Lagerstroemia parviflora,Botdhairo,10,7.810960585,12.3,14.5
3048,62,,4,10.1,24.2,Shorea robusta,Sal,16,14.09899547,22.8,17.6
3048,63,,4,9.8,24,Syzygium cumini,Jamun,12.6,9.675038392,,
3048,64,,4,7.9,24.4,Shorea robusta,Sal,12.6,11.77132828,,
3048,65,,4,5.2,20.3,Shorea robusta,Sal,19.5,16.02653039,24.5,18.2
3048,66,,4,3.2,22.8,Cassia fistula,Rajbrikhsa,13.2,10.05025488,14.8,12.8
3048,67,,4,3.6,25.2,Shorea robusta,Sal,18.5,15.51359091,27.6,22.8
3048,68,,4,2.1,24.2,Shorea robusta,Sal,13.5,12.44356722,19.5,16.4
3048,69,,4,1.7,22.4,Lagerstroemia parviflora,Botdhairo,11.1,8.65269716,,
3048,70,,1,8.1,1,Shorea robusta,Sal,,,12.8,9.7
3048,71,,2,22.7,10.1,Sapium insigne,Khirro,,,11.6,7.2
3048,72,,2,21,7,Lagerstroemia parviflora,Botdhairo,,,,
3048,73,,2,16,6,Shorea robusta,Sal,,,16.1,17.4
3048,74,,2,5.8,5.2,Shorea robusta,Sal,,,,
3048,75,,2,5.1,10.2,Shorea robusta,Sal,,,7.5,12.2
3048,76,,3,25,12.6,Lagerstroemia parviflora,Botdhairo,,,12.2,12.9
3048,77,,4,5.7,22.1,Sapium insigne,Khirro,,,10.8,10.3
3049,1,,1,2.3,1,Cleistocalyx operculatus ,Kyamuna,11.3,8.796731345,12.7,6
3049,2,,1,2.7,1,Casearia illiptica/elliptica,Putali kath,14.1,10.58225206,16.4,7.2
3049,3,,1,6.6,1,Shorea robusta,Sal,10.4,9.901619053,19,13.3
3049,4,,1,13.3,1,Lagerstroemia parviflora,Botdhairo,10.9,8.506044029,11.9,5.7
3049,5,,1,13.4,1,Cassia fistula,Rajbrikhsa,10.2,7.970682636,,
3049,6,,1,18.2,1,Lagerstroemia parviflora,Botdhairo,13.8,10.40878946,18.7,12.4
3049,7,,2,23.5,7.6,Lagerstroemia parviflora,Botdhairo,10.2,7.970682636,,
3049,8,,1,24.9,1,Lagerstroemia parviflora,Botdhairo,10.7,8.356674946,,
3049,9,,2,18.6,10.53,Shorea robusta,Sal,4.4,4.543819226,,
3049,10,,2,17.4,10.63,Shorea robusta,Sal,4.6,4.73672654,6.5,6.9
3049,11,,2,16,10.9,Lagerstroemia parviflora,Botdhairo,5.5,5.31793761,6.9,7.6
3049,12,,2,15.5,10.5,Shorea robusta,Sal,5.7,5.667201059,8.3,10.1
3049,13,,2,15.6,7.6,Shorea robusta,Sal,2.8,2.582339385,,
3049,14,,2,17.8,7.6,Shorea robusta,Sal,7.2,6.681019429,,
3049,15,,2,17.6,7.6,Lagerstroemia parviflora,Botdhairo,6,5.662963823,9.1,12.9
3049,16,,2,16.1,8.2,Shorea robusta,Sal,5.3,5.351447289,,
3049,17,,2,19.6,7.3,Shorea robusta,Sal,6,5.889798569,13.1,14.6
3049,18,,2,16.8,7.3,Shorea robusta,Sal,4.7,4.830057019,6.9,6.8
3049,19,,2,17.1,6.2,Lagerstroemia parviflora,Botdhairo,4.1,4.153086647,,
3049,20,,2,16.1,5.4,Lagerstroemia parviflora,Botdhairo,10.1,7.891216968,20.5,14.1
3049,21,,2,15,6.1,Shorea robusta,Sal,4.6,4.73672654,6.7,6
3049,22,,2,13.4,10.93,Shorea robusta,Sal,5.1,5.18451517,,
3049,23,,2,13.1,10.13,Shorea robusta,Sal,4,4.130201639,,
3049,24,,2,12.7,9.73,Lagerstroemia parviflora,Botdhairo,4.8,4.778132699,,
3049,25,25a,2,11.9,9.78,Lagerstroemia parviflora,Botdhairo,12.6,9.675038392,17.3,11.1
3049,26,25b,2,11.9,9.78,Lagerstroemia parviflora,Botdhairo,6.4,5.918878421,,
3049,27,,2,13.3,9.73,Shorea robusta,Sal,6.2,6.032096563,8.6,8.6
3049,28,,2,13.8,8.7,Shorea robusta,Sal,3.1,3.024045743,,
3049,29,,2,12.8,8.1,Shorea robusta,Sal,2.6,2.260733018,4.5,5.7
3049,30,,2,14.1,8,Lagerstroemia parviflora,Botdhairo,4.3,4.34194615,,
3049,31,,2,14.4,8,Shorea robusta,Sal,2.7,2.424514719,6.7,11.1
3049,32,,2,15.3,8.8,Shorea robusta,Sal,3.5,3.550715454,,
3049,33,,2,15,6.9,Shorea robusta,Sal,2.4,1.913371679,5.2,7.7
3049,35,,2,13.7,6.5,Shorea robusta,Sal,2.7,2.424514719,3.9,3.3
3049,36,,2,12.9,7.3,Shorea robusta,Sal,2.6,2.260733018,4,4.8
3049,37,,2,12.5,9,Lagerstroemia parviflora,Botdhairo,2.9,2.779997485,,
3049,38,,2,12.6,8.9,Shorea robusta,Sal,2.8,2.582339385,,
3049,39,,2,11.6,10.43,Shorea robusta,Sal,3.2,3.161825569,,
3049,40,,2,11.2,8.3,Shorea robusta,Sal,3.5,3.550715454,4.6,3.3
3049,41,,2,12.3,7.7,Lagerstroemia parviflora,Botdhairo,8.5,7.044104358,9.5,7.9
3049,42,,2,11.3,7.4,Shorea robusta,Sal,5.4,5.432565539,13.5,13.9
3049,43,,2,10.6,8.3,Shorea robusta,Sal,6.8,6.43296906,12.2,11.9
3049,44,,2,10.9,7.8,Shorea robusta,Sal,2.7,2.424514719,,
3049,45,,2,8.9,9.53,Shorea robusta,Sal,4.5,4.641344679,,
3049,46,,2,9.1,10.63,Lagerstroemia parviflora,Botdhairo,7.8,6.703316841,,
3049,47,,2,8.9,5.5,Shorea robusta,Sal,5.8,5.742676005,10.5,10
3049,48,,2,7.9,5.2,Lagerstroemia parviflora,Botdhairo,8,6.803709545,11.2,10.5
3049,49,,2,5.5,5.2,Shorea robusta,Sal,6.2,6.032096563,,
3049,50,,3,1.8,11.9,Cleistocalyx operculatus ,Kyamuna,11.3,8.796731345,15.2,5.9
3049,51,51a,3,8,12.8,Glochidion acuminatum ,Latikath,6.4,5.918878421,,
3049,52,51b,3,8,12.8,Glochidion acuminatum ,Latikath,4.1,4.153086647,,
3049,53,,3,9,11.8,Shorea robusta,Sal,7.7,6.972383861,12.1,8.4
3049,54,54a,3,6.9,10.4,Casearia graveolens,Barkaule,4.5,4.522218101,7.4,6.5
3049,55,54b,3,6.9,10.4,Casearia graveolens,Barkaule,4.7,4.694649616,7.6,7.3
3049,56,,3,8.5,15.63,Lagerstroemia parviflora,Botdhairo,4.5,4.522218101,,
3049,57,,3,11,10.2,Cleistocalyx operculatus ,Kyamuna,4.5,4.522218101,9.8,8.1
3049,58,,3,11.8,10.3,Shorea robusta,Sal,4.3,4.444051614,8.2,9.9
3049,59,,3,11.6,10.8,Shorea robusta,Sal,4.8,4.921422499,6.8,6.5
3049,60,,3,12.8,10.6,Shorea robusta,Sal,4.1,4.23736017,6.3,9.2
3049,61,,3,12.8,11.9,Lagerstroemia parviflora,Botdhairo,9.7,7.567760774,15,12.7
3049,62,,3,12.9,14.4,Lagerstroemia parviflora,Botdhairo,7.1,6.330463847,,
3049,63,,3,16,12,Xeromphis spinosa ,MainKanda,9,7.270754617,,
3049,64,,3,16.2,11.2,Shorea robusta,Sal,5.1,5.18451517,6.2,4.2
3049,65,65a,3,17.1,15.13,Xeromphis spinosa ,MainKanda,7,6.274217514,8.1,4
3049,66,65b,3,17.1,15.13,Xeromphis spinosa ,MainKanda,6,5.662963823,7.8,3
3049,67,,3,18.1,15.73,Cleistocalyx operculatus ,Kyamuna,20.5,13.600841,26.7,26.2
3049,68,,3,20,11.8,Shorea robusta,Sal,4.3,4.444051614,,
3049,69,,3,22.5,11.8,Syzygium cumini,Jamun,10.3,8.049373016,,
3049,70,,4,22.4,24.1,Cleistocalyx operculatus ,Kyamuna,17.1,12.13815516,20,13.4
3049,71,,4,10,20.3,Cleistocalyx operculatus ,Kyamuna,16.3,11.75170041,24.3,14.7
3049,72,,4,3.9,20.1,Cleistocalyx operculatus ,Kyamuna,,,18.3,10.4
3049,73,,4,21.2,25.3,Lagerstroemia parviflora,Botdhairo,,,,
3049,74,,3,10.2,10.15,Shorea robusta,Sal,,,8.2,6.7
3049,75,,1,2.7,1,Shorea robusta,Sal,,,14.4,8.2
3049,76,,1,24.9,1,Cassia fistula,Rajbrikhsa,,,11.7,7.2
3049,77,,2,3.4,10.5,Shorea robusta,Sal,,,,
3049,78,,2,6.7,10.5,Shorea robusta,Sal,,,,
3049,79,,3,8,11.8,Shorea robusta,Sal,,,7.3,5.3
3049,81,,3,23.5,15.2,Shorea robusta,Sal,,,21.6,11.8
3049,82,,3,19,15,Shorea robusta,Sal,,,6.3,6.3
3049,83,,3,19.2,14.8,Shorea robusta,Sal,,,9.2,8.3
3049,84,,3,14.6,14.5,Shorea robusta,Sal,,,8.1,2.5
3049,85,,2,7.3,5.1,Shorea robusta,Sal,,,6.5,5.9
3049,86,,2,15.5,8.2,Shorea robusta,Sal,,,4.7,4.6
3049,87,,3,23,11.5,Shorea robusta,Sal,,,13.9,11.2
3049,88,,4,22,24.3,Shorea robusta,Sal,,,13,10.8
3049,89,,3,15.2,10.8,Shorea robusta,Sal,,,6.7,11.8
3049,90,,4,18,25.5,Artocarpus lacucha,Badahar,,,,
3049,91,,1,0.1,1,Shorea robusta,Sal,,,13.3,8.7
3049,92,,1,23.4,1,Shorea robusta,Sal,,,10.3,7.2
3049,93,,1,24.8,1,Buchannaia latifolia ,Sani/Piyari Bhalayo,,,10.2,7.4
3049,94,,2,1.2,6.2,Shorea robusta,Sal,,,11.9,13.5
3049,95,,2,1,6,Shorea robusta,Sal,,,11.7,12.7
3049,96,,2,1,6,Shorea robusta,Sal,,,11.5,9.9
3049,97,,4,21.9,24.1,Shorea robusta,Sal,,,14.2,14.2
3050,1,,1,3.7,1,Shorea robusta,Sal,13.1,12.15050453,19,17
3050,2,,1,3.9,1,Shorea robusta,Sal,12,11.29593643,21.1,17.3
3050,3,,1,8.8,1,Shorea robusta,Sal,11.9,11.21439956,21.5,18.9
3050,4,,1,12.3,1,Shorea robusta,Sal,10.5,9.994859956,14.6,13.5
3050,5,,1,14.6,1,Shorea robusta,Sal,11.3,10.71030784,15.6,14.7
3050,6,,1,18.5,1,Cleistocalyx operculatus ,Kyamuna,10.9,8.506044029,,
3050,7,7a,2,24.2,8.1,Lagerstroemia parviflora,Botdhairo,13.9,10.46702582,,
3050,8,7b,2,24.2,8.1,Lagerstroemia parviflora,Botdhairo,12.5,9.610769526,20.5,16.3
3050,9,,2,21.8,7.2,Shorea robusta,Sal,10.6,10.08721705,19,16.3
3050,10,,2,21.8,10,Lagerstroemia parviflora,Botdhairo,10.6,8.280940117,14.3,11.5
3050,11,,2,19.3,9.6,Phyllanthus emblica,Amala,8.5,7.044104358,,
3050,12,,2,19,9,Shorea robusta,Sal,4.9,5.01090402,,
3050,13,,2,17.9,8.2,Shorea robusta,Sal,12.3,11.53653137,,
3050,14,,2,17.4,8.3,Semecarpus anacardium,Bhalayo,8.4,6.997177183,,
3050,15,,2,17.1,7.5,Lagerstroemia parviflora,Botdhairo,4.5,4.522218101,,
3050,16,,2,17.7,7.1,Shorea robusta,Sal,5.8,5.742676005,8.2,8.7
3050,17,,2,17.7,6.6,Shorea robusta,Sal,8.6,7.452102433,12,10.9
3050,18,,2,18.9,5.2,Lagerstroemia parviflora,Botdhairo,6.4,5.918878421,,
3050,19,,2,19.9,5.3,Shorea robusta,Sal,4.9,5.01090402,6.8,7
3050,20,,2,16.1,5.5,Shorea robusta,Sal,4.1,4.23736017,,
3050,21,,2,16.2,5.5,Shorea robusta,Sal,8.4,7.349987134,11.5,10.8
3050,22,,2,16.1,7.2,Shorea robusta,Sal,5.9,5.816860717,,
3050,23,,2,17.5,9.1,Shorea robusta,Sal,5.9,5.816860717,,
3050,24,,2,14.3,9.9,Lagerstroemia parviflora,Botdhairo,5.8,5.528534,,
3050,25,,2,13.4,10.1,Terminalia alata ,Saj,5.5,5.31793761,,
3050,26,,2,13,9.4,Lagerstroemia parviflora,Botdhairo,8.2,6.901623162,,
3050,27,,2,12.7,8.4,Shorea robusta,Sal,5.1,5.18451517,,
3050,28,,2,11.4,8.2,Lagerstroemia parviflora,Botdhairo,6,5.662963823,7.8,7
3050,29,,2,11.6,7.7,Shorea robusta,Sal,4.7,4.830057019,,
3050,30,,2,13,8.1,Lagerstroemia parviflora,Botdhairo,3.6,3.637386977,,
3050,31,,2,13.1,7.1,Shorea robusta,Sal,6.6,6.303416156,8.9,3.2
3050,32,,2,13.7,7,Shorea robusta,Sal,4.3,4.444051614,,
3050,33,,2,14.5,6.8,Phyllanthus emblica,Amala,4.7,4.694649616,,
3050,34,,2,14.8,5.7,Cleistocalyx operculatus ,Kyamuna,16.4,11.80103206,26.5,16.5
3050,35,,2,13.5,5.3,Shorea robusta,Sal,3.7,3.791871937,,
3050,36,,2,13.2,6.3,Lagerstroemia parviflora,Botdhairo,4.8,4.778132699,,
3050,37,,2,9.7,9.6,Shorea robusta,Sal,5.6,5.590390204,,
3050,38,,2,8,8.4,Shorea robusta,Sal,7.4,6.799922757,,
3050,39,,2,8.6,9.5,Shorea robusta,Sal,5.1,5.18451517,,
3050,40,,2,8.4,8.5,Semecarpus anacardium,Bhalayo,7.2,6.385923492,,
3050,41,,2,9,8.1,Shorea robusta,Sal,4.9,5.01090402,,
3050,42,,2,9.1,7.3,Shorea robusta,Sal,11.1,10.53631036,19.2,16.3
3050,43,,2,9.8,7,Cleistocalyx operculatus ,Kyamuna,12.4,9.545984439,14.6,10.1
3050,44,,2,9.2,6.4,Shorea robusta,Sal,4.4,4.543819226,,
3050,45,,2,8.6,6.8,Shorea robusta,Sal,7.5,6.858174638,,
3050,46,,2,8.5,5.6,Shorea robusta,Sal,8.6,7.452102433,,
3050,47,,2,7.3,6.1,Shorea robusta,Sal,5,5.098577709,,
3050,48,,2,6.8,6.8,Semecarpus anacardium,Bhalayo,11.5,8.938238483,,
3050,49,,2,6.4,6.6,Shorea robusta,Sal,7.2,6.681019429,9.9,9.3
3050,50,,2,7.3,7.9,Casearia graveolens,Barkaule,4.6,4.60937106,,
3050,51,,2,7.7,9.1,Shorea robusta,Sal,4.2,4.341936314,,
3050,52,,2,6.1,9.8,Shorea robusta,Sal,13.3,12.29813765,19.9,16.3
3050,53,,2,5,9.9,Shorea robusta,Sal,6.5,6.237159907,8.8,7.3
3050,54,54a,2,4.1,6.1,Lagerstroemia parviflora,Botdhairo,13.6,10.29103993,14.5,18
3050,55,54b,2,4.1,6.1,Lagerstroemia parviflora,Botdhairo,12.2,9.414831956,14.9,9.8
3050,56,54c,2,4.1,6.1,Lagerstroemia parviflora,Botdhairo,11.8,9.145950391,13.6,12.3
3050,57,,2,4,6.7,Shorea robusta,Sal,10.1,9.616420156,18.2,15.5
3050,58,,2,1.5,6.8,Shorea robusta,Sal,12.6,11.77132828,17.1,16
3050,59,,3,1.2,12.5,Shorea robusta,Sal,14.2,12.93612841,,
3050,60,,3,1.5,14.6,Shorea robusta,Sal,11.2,10.62369749,13.6,12
3050,61,,3,6.3,13.6,Shorea robusta,Sal,9.2,7.74477736,14.2,13.5
3050,62,,3,6.6,13.9,Shorea robusta,Sal,7.8,7.028380767,8.5,7.2
3050,63,,3,6.9,13.7,Shorea robusta,Sal,4.6,4.73672654,,
3050,64,,3,7.5,12.7,Shorea robusta,Sal,13.5,12.44356722,20.5,17.2
3050,65,,3,7.1,10.2,Shorea robusta,Sal,8.5,7.40134513,9.2,7
3050,66,,3,10.9,11.9,Shorea robusta,Sal,11.1,10.53631036,17.2,15.5
3050,67,,3,11.3,13.3,Shorea robusta,Sal,9,7.649395498,,
3050,68,,3,11.8,13.3,Cleistocalyx operculatus ,Kyamuna,12.7,9.738799199,16,11.3
3050,69,,3,12.7,10.6,Lagerstroemia parviflora,Botdhairo,5.4,5.245177771,,
3050,70,,3,12.6,10.3,Shorea robusta,Sal,9.1,7.697348472,16,15.2
3050,71,,3,14.4,12.8,Lagerstroemia parviflora,Botdhairo,7.2,6.385923492,9.3,10
3050,72,,3,15,14.1,Casearia graveolens,Barkaule,5.5,5.31793761,,
3050,73,,3,15.3,11.5,Shorea robusta,Sal,8.7,7.502272934,14.8,15
3050,74,,3,15.3,11.2,Shorea robusta,Sal,8.6,7.452102433,,
3050,75,,3,16.5,14.5,Shorea robusta,Sal,14.8,13.3393694,25.5,20.7
3050,76,,3,17,12.5,Terminalia alata ,Saj,6.2,5.792985308,,
3050,77,,3,17.9,10.5,Shorea robusta,Sal,5.4,5.432565539,,
3050,78,,3,18.5,13.2,Lagerstroemia parviflora,Botdhairo,6,5.662963823,,
3050,79,,3,19.6,14.6,Casearia graveolens,Barkaule,4.7,4.694649616,,
3050,80,,4,21.4,20.4,Lagerstroemia parviflora,Botdhairo,11.5,8.938238483,17.1,14.5
3050,81,,4,21,24.7,Lagerstroemia parviflora,Botdhairo,14.2,10.63925371,16.9,13.2
3050,82,,4,17.3,21.5,Lagerstroemia parviflora,Botdhairo,13.7,10.35012957,18,14
3050,83,,4,10.3,20.9,Cleistocalyx operculatus ,Kyamuna,18.3,12.68519188,26,14
3050,84,,4,11.5,24.8,Shorea robusta,Sal,12.6,11.77132828,20.5,18.3
3050,85,,4,7.3,24.9,Shorea robusta,Sal,12.7,11.84835318,20.9,16.7
3050,86,,4,7.9,20.7,Shorea robusta,Sal,12.4,11.61542735,20,17
3050,87,,4,5,20.2,Lagerstroemia parviflora,Botdhairo,10.4,8.127303091,11,10.1
3050,88,,4,3.2,23.1,Lagerstroemia parviflora,Botdhairo,16,11.60186886,19.9,14.3
3050,89,,4,2.5,21.9,Shorea robusta,Sal,10.7,10.17870692,15.3,14.9
3050,90,,1,4,1,Cleistocalyx operculatus ,Kyamuna,15.3,11.24104256,18.5,10.9
3050,91,,1,6.2,1,Shorea robusta,Sal,,,12.4,12.2
3050,92,,1,11.3,1,Lagerstroemia parviflora,Botdhairo,,,13.7,13.3
3050,93,,1,10.9,1,Lagerstroemia parviflora,Botdhairo,,,12.2,4.6
3050,94,,1,15.6,1,Shorea robusta,Sal,,,13,10.4
3050,95,,1,18.2,1,Cleistocalyx operculatus ,Kyamuna,,,11.8,10.6
3050,96,,1,19.1,1,Shorea robusta,Sal,,,14,15.8
3050,97,,1,22.8,1,Shorea robusta,Sal,,,13.2,13.6
3050,98,,2,4.4,8.9,Shorea robusta,Sal,,,,
3050,99,,3,2.8,13.3,Shorea robusta,Sal,,,15.2,17.8
3050,100,,3,3.3,11,Shorea robusta,Sal,,,14.1,11.7
3050,101,,3,9.2,14.1,Shorea robusta,Sal,,,8.2,7.2
3050,102,,3,12.8,13.7,Shorea robusta,Sal,,,,
3050,103,,3,12.3,14.9,Casearia graveolens,Barkaule,,,9.8,10.4
3050,104,,3,22,11.5,Cassia fistula,Rajbrikhsa,,,14.4,16.7
3050,105,,4,21.5,23.9,Shorea robusta,Sal,,,13.8,16.7
3050,106,,4,20.6,24.3,Lagerstroemia parviflora,Botdhairo,,,12,10.3
3050,107,,4,13.4,23.9,Shorea robusta,Sal,,,15.5,13.3
3050,108,,4,9,22.3,Shorea robusta,Sal,,,11.5,11.8
3050,109,,4,5.4,21,Shorea robusta,Sal,,,11.7,11.4
3050,110,,4,3,22.5,Shorea robusta,Sal,,,13.2,13.9
3050,111,,4,1.3,21,Shorea robusta,Sal,,,12.8,13
3050,112,,3,4,12.5,Shorea robusta,Sal,,,10.8,10.9
3050,113,,1,20.5,1,Shorea robusta,Sal,,,10.6,10.2
3050,114,,1,1,1,Shorea robusta,Sal,,,11.2,12.3
3050,115,,1,18.2,1,Shorea robusta,sal,,,10.8,11.2
3051,1,,1,2.3,1,Shorea robusta,Sal,11.9,11.21439956,15,12.1
3051,2,,1,3.4,1,Shorea robusta,Sal,10.7,10.17870692,,
3051,3,,1,1.9,1,Lagerstroemia parviflora,Botdhairo,10,7.810960585,13.5,14.3
3051,4,,2,4.5,10,Lagerstroemia parviflora,Botdhairo,14.6,10.86331534,19.8,15.3
3051,5,,2,5.3,7.25,Shorea robusta,Sal,7.3,6.740878309,11.5,14
3051,6,,2,5.9,9.6,Shorea robusta,Sal,4.3,4.444051614,6.4,8.3
3051,7,,2,7.7,6.5,Lagerstroemia parviflora,Botdhairo,7.1,6.330463847,8.6,13.8
3051,8,,2,8.3,8.4,Semecarpus anacardium,Bhalayo,21,13.79520463,23,11.5
3051,9,,2,7.8,9.3,Casearia graveolens,Barkaule,8.4,6.997177183,9.6,10.4
3051,10,,2,8.7,8.2,Casearia graveolens,Barkaule,9.9,7.648688072,11,10.8
3051,11,,2,9,7.7,Shorea robusta,Sal,5.4,5.432565539,12.2,16.3
3051,12,,2,10.1,7,Casearia graveolens,Barkaule,8.5,7.044104358,9.9,9.3
3051,13,,2,9.4,5.7,Shorea robusta,Sal,5,5.098577709,9.8,8.4
3051,14,,2,11.9,5.6,Shorea robusta,Sal,3.8,3.907604129,,
3051,15,,2,13.9,6.7,Shorea robusta,Sal,6,5.889798569,12.2,11.6
3051,16,,2,13.4,8,Shorea robusta,Sal,7.8,7.028380767,13.6,15.1
3051,17,,2,13,8.1,Cleistocalyx operculatus ,Kyamuna,2.2,1.684569971,,
3051,18,,2,11.1,10,Shorea robusta,Sal,2.8,2.582339385,5.4,2.8
3051,19,,2,12.5,10.27,Zizyphus rugosa ,Dumrai,2.2,1.684569971,,
3051,20,20a,2,14.5,10,Lagerstroemia parviflora,Botdhairo,13.4,10.17154589,14.8,16.1
3051,21,20b,2,14.5,10,Lagerstroemia parviflora,Botdhairo,8.9,7.226449128,10.5,14.1
3051,22,,2,14.2,9,Shorea robusta,Sal,2,1.122150819,7.3,9.7
3051,23,,2,14.7,9,Shorea robusta,Sal,4,4.130201639,6.7,7.8
3051,24,,2,14.8,8,Glochidion acuminatum ,Latikath,8.7,7.136324794,,
3051,25,,2,16.5,8,Casearia graveolens,Barkaule,11.9,9.214015774,13.5,10.5
3051,26,,2,16.35,5.1,Lagerstroemia parviflora,Botdhairo,9.8,7.608430874,13.8,15.4
3051,27,,2,19.25,6.6,Xeromphis spinosa ,MainKanda,12,9.281511565,,
3051,28,,2,24.8,10.4,Cleistocalyx operculatus ,Kyamuna,8.2,6.901623162,11.8,11.2
3051,29,,3,21.5,10.5,Semecarpus anacardium,Bhalayo,18.2,12.64099615,,
3051,30,30a,3,18.7,11.4,Lagerstroemia parviflora,Botdhairo,6.7,6.100526974,,
3051,31,30b,3,18.7,11.4,Lagerstroemia parviflora,Botdhairo,4.6,4.60937106,,
3051,32,30c,3,18.7,11.4,Lagerstroemia parviflora,Botdhairo,5,4.940004154,10.2,9.4
3051,33,,3,16.4,14.37,Casearia graveolens,Barkaule,4.2,4.248640668,,
3051,34,,3,15.5,14.27,Lagerstroemia parviflora,Botdhairo,9.8,7.608430874,16,16.4
3051,35,,3,14.4,14.67,Lagerstroemia parviflora,Botdhairo,7.4,6.494568645,8.7,12.1
3051,36,,3,14.4,15.24,Shorea robusta,Sal,11,10.44813238,24.5,14
3051,37,,3,12,14.2,Shorea robusta,Sal,9.3,7.791693492,9.9,1.8
3051,38,,3,12.8,11.5,Casearia graveolens,Barkaule,8.6,7.090482665,,
3051,39,,3,14.2,10.4,Shorea robusta,Sal,4.3,4.444051614,11.5,14.3
3051,40,,3,10,15.17,Casearia graveolens,Barkaule,11.3,8.796731345,13.2,11.2
3051,41,,3,10.5,11.9,Lagerstroemia parviflora,Botdhairo,4.6,4.60937106,9.9,10
3051,42,,3,10.2,10.3,Shorea robusta,Sal,9.9,8.063013086,,
3051,43,,3,9.2,11.1,Terminalia alata ,Saj,4.2,4.248640668,4.8,2
3051,44,,3,7.6,13.27,Lagerstroemia parviflora,Botdhairo,4.4,4.433106486,8.5,2
3051,45,,3,7.3,13.46,Semecarpus anacardium,Bhalayo,11.6,9.00807182,17.2,11.7
3051,46,,3,7.5,14.2,Buchannaia latifolia ,Sani/Piyari Bhalayo,5.3,5.171057856,,
3051,47,,3,6.2,13.2,Buchannaia latifolia ,Sani/Piyari Bhalayo,5.6,5.38938639,,
3051,48,,3,1.5,10.4,Shorea robusta,Sal,13.9,12.7280721,25.8,23.5
3051,49,,1,6,1,Shorea robusta,Sal,,,16.2,16
3051,50,,1,18.8,1,Shorea robusta,Sal,,,14.2,13.1
3051,51,,2,10.3,6.6,Shorea robusta,Sal,,,,
3051,52,,2,11.3,5.4,Shorea robusta,Sal,,,,
3051,53,,2,14.4,9.5,Shorea robusta,Sal,,,,
3051,54,,2,14.7,6.3,Shorea robusta,Sal,,,7.4,0.7
3051,55,,2,12.5,9.2,Myrsine sp.,Kaiyo,,,6.3,0.8
3051,56,,3,19,12,Shorea robusta,Sal,,,8.5,8.9
3051,57,,3,17.4,13,Shorea robusta,Sal,,,7.8,8.9
3051,58,,3,16.5,12.6,Shorea robusta,Sal,,,5.5,2.5
3051,59,,3,16.8,10.3,Shorea robusta,Sal,,,6.2,9.3
3051,60,,3,12.8,11.5,Casearia graveolens,Barkaule,,,9.8,10.6
3051,61,,3,7.6,11.4,Shorea robusta,Sal,,,7.7,12.4
3051,62,,3,7.6,10.2,Shorea robusta,Sal,,,5,2.2
3051,63,,3,10.1,12,Shorea robusta,Sal,,,6.5,7.5
3051,64,,3,1,15.2,Shorea robusta,Sal,,,20,18.3
3051,65,,4,1,22,Shorea robusta,Sal,,,14.5,11
3051,66,,4,2.3,22.5,Terminalia alata ,Saj,,,12,12.3
3051,67,,4,3.5,22,Cleistocalyx operculatus ,Kyamuna,,,15.4,12.5
3051,68,,4,5,24.5,Shorea robusta,Sal,,,15.9,12.5
3051,69,,2,8.1,6.7,Shorea robusta,Sal,,,,
3051,70,,2,11.6,8.1,Shorea robusta,Sal,,,,
3051,71,,3,3.7,14.37,Shorea robusta,Sal,,,,
3051,72,,3,5.3,14.57,Shorea robusta,Sal,,,6,7
3051,73,,4,1.9,20.9,Lagerstroemia parviflora,Botdhairo,,,,
3051,74,,3,14.1,12.6,Shorea robusta,Sal,,,5.5,7.8
3052,1,,1,2,1,Lagerstroemia parviflora,Botdhairo,11.2,8.725035762,16.3,14
3052,2,,1,6.9,1,Cleistocalyx operculatus ,Kyamuna,15.4,11.29358802,17.7,10
3052,3,,1,8.7,1,Lagerstroemia parviflora,Botdhairo,11.5,8.938238483,15.8,15.1
3052,4,,1,11.8,1,Shorea robusta,Sal,12,11.29593643,24.9,19.1
3052,5,,1,15.2,1,Lagerstroemia parviflora,Botdhairo,13.2,10.05025488,,
3052,6,,1,19.1,1,Lagerstroemia parviflora,Botdhairo,12,9.281511565,16.2,14.5
3052,7,,1,22.6,1,Shorea robusta,Sal,12.1,11.37679665,22.2,19.7
3052,9,,2,22.3,7,Shorea robusta,Sal,15.7,13.91456852,26.8,22.9
3052,10,,2,20.2,5.1,Shorea robusta,Sal,17,14.68969754,28.5,25.4
3052,11,,2,19.2,8,Lagerstroemia parviflora,Botdhairo,18.4,12.72914676,,
3052,12,,2,16.5,8.4,Cassia fistula,Rajbrikhsa,7.3,6.440618153,12.5,10.5
3052,13,,2,16.1,9,Shorea robusta,Sal,7.9,7.083664317,10.1,2.3
3052,14,,2,13.5,6.4,Shorea robusta,Sal,6.8,6.43296906,13.1,18.5
3052,15,,2,13.2,6.4,Lagerstroemia parviflora,Botdhairo,7,6.274217514,10,12.2
3052,16,,2,12.8,7,Shorea robusta,Sal,3,2.881747749,8,7.4
3052,17,,2,13,8.2,Shorea robusta,Sal,3,2.881747749,5.5,8.4
3052,18,,2,11.4,8.6,Shorea robusta,Sal,4.3,4.444051614,8.5,7.2
3052,19,,2,10.1,8.1,Shorea robusta,Sal,3,2.881747749,5.3,1.6
3052,20,,2,10.2,6.7,Zizyphus rugosa ,Dumrai,2.6,2.346989533,,
3052,21,,2,11,6.5,Lagerstroemia parviflora,Botdhairo,7.9,6.7538309,10.4,11.4
3052,22,,2,10.6,5.9,Terminalia chebula ,Harro,2.5,2.191467639,,
3052,23,,2,10.9,5.6,Cassia fistula,Rajbrikhsa,5.5,5.31793761,7.4,8.7
3052,24,,2,5.7,7.8,Shorea robusta,Sal,13.3,12.29813765,26.1,20.5
3052,25,,2,2.5,8,Cassia fistula,Rajbrikhsa,11.5,8.938238483,,
3052,26,,3,0.4,12.8,Shorea robusta,Sal,16.4,14.33959041,23.1,14.3
3052,27,,3,6,10.6,Shorea robusta,Sal,10.8,10.26934571,,
3052,28,,3,3.4,13,Shorea robusta,Sal,9,7.649395498,16.9,13.4
3052,29,,3,7,13.2,Shorea robusta,Sal,5.8,5.742676005,9.9,9.1
3052,30,,3,7.3,13.5,Casearia graveolens,Barkaule,6.7,6.100526974,11.6,12.2
3052,31,,3,6,12.5,Shorea robusta,Sal,6.1,5.96153078,7.1,2
3052,32,,3,6.9,11,Shorea robusta,Sal,10.5,9.994859956,18.5,15.2
3052,33,,3,8.2,13.2,Casearia graveolens,Barkaule,6.4,5.918878421,8,6.4
3052,34,,3,6.8,10.1,Shorea robusta,Sal,4.2,4.341936314,6.3,6.1
3052,35,,3,9.3,12.9,Shorea robusta,Sal,8.5,7.40134513,11,8.2
3052,36,,3,11.2,11,Casearia graveolens,Barkaule,4.9,4.859894359,6.6,5.3
3052,37,,3,13.3,12.5,Shorea robusta,Sal,11.3,10.71030784,21,18.5
3052,38,,3,13.1,13.2,Shorea robusta,Sal,5.5,5.512195296,,
3052,39,,3,14.4,10.6,Shorea robusta,Sal,4.4,4.543819226,5.4,1.75
3052,40,,3,15.7,10.6,Casearia graveolens,Barkaule,6.1,5.728507464,7.6,8.6
3052,41,,3,16.4,10.7,Lagerstroemia parviflora,Botdhairo,16.7,11.94724211,21.5,16.6
3052,42,,3,17.2,11,Shorea robusta,Sal,6.8,6.43296906,11.5,7.6
3052,43,43a,3,19.4,12.8,Shorea robusta,Sal,5.8,5.742676005,9.6,11.4
3052,44,43b,3,19.4,12.8,Shorea robusta,Sal,8,7.138252458,12.6,12.1
3052,45,45a,3,15.6,15.3,Lagerstroemia parviflora,Botdhairo,9,7.270754617,13.3,14.5
3052,46,45b,3,15.6,15.3,Lagerstroemia parviflora,Botdhairo,12.5,9.610769526,,
3052,47,,3,12,15.8,Shorea robusta,Sal,6.6,6.303416156,10.3,11.5
3052,48,,3,12,15.6,Shorea robusta,Sal,6.4,6.169876389,10.7,12.6
3052,49,,3,22.4,15.8,Shorea robusta,Sal,12.4,11.61542735,20.7,17.2
3052,50,,3,24.3,11.5,Shorea robusta,Sal,16.7,14.5162164,23.7,19.4
3052,51,,4,23.3,24,Shorea robusta,Sal,12.8,11.92477397,19.7,19.3
3052,52,,4,6.6,23.9,Shorea robusta,Sal,10.4,9.901619053,20.3,12.2
3052,53,,4,6.6,25.7,Lagerstroemia parviflora,Botdhairo,13,9.927112032,,
3052,54,,4,2.8,25,Shorea robusta,Sal,15.1,13.53489971,25.7,12.1
3052,56,,4,5,23,Casearia graveolens,Barkaule,,,11.7,8.2
3052,57,57a,4,7.2,20.4,Lagerstroemia parviflora,Botdhairo,,,,
3052,58,57b,4,7.2,20.4,Lagerstroemia parviflora,Botdhairo,,,12.7,11.2
3052,59,,4,3.8,23,Lagerstroemia parviflora,Botdhairo,,,,
3052,60,,1,0.2,1,Shorea robusta,Sal,,,12.5,14.5
3052,61,,1,4,1,Lagerstroemia parviflora,Botdhairo,,,12.7,14.3
3052,62,,1,22.9,1,Shorea robusta,Sal,,,17.1,18.1
3052,63,,2,23.2,9.5,Shorea robusta,Sal,,,,
3052,64,,2,9.6,10,Adina cordifolia,Karma,,,,
3052,65,,2,15,5.8,Shorea robusta,Sal,,,,
3052,66,,2,8.5,8,Lagerstroemia parviflora,Botdhairo,,,8.2,9.2
3052,67,,2,7.2,5,Lagerstroemia parviflora,Botdhairo,,,12,13.9
3052,68,,2,6.2,5.6,Shorea robusta,Sal,,,,
3052,69,,2,7.5,9.2,Shorea robusta,Sal,,,,
3052,70,,2,7.3,9.5,Lagerstroemia parviflora,Botdhairo,,,8.5,8.7
3052,71,,2,0.7,8,Lagerstroemia parviflora,Botdhairo,,,13.7,15.8
3052,72,,2,2.1,5.6,Cassia fistula,Rajbrikhsa,,,14.1,11
3052,73,,3,7.6,10.6,Shorea robusta,Sal,,,10.6,12
3052,74,,3,5,14.5,Shorea robusta,Sal,,,5.1,6
3052,75,,3,6,10.2,Shorea robusta,Sal,,,,
3052,76,,3,8.3,13.5,Shorea robusta,Sal,,,8.9,6.2
3052,77,,3,9.3,12,Shorea robusta,Sal,,,,
3052,78,,3,9.2,12.5,Shorea robusta,Sal,,,5.5,2.4
3052,79,,3,7,15.3,Shorea robusta,Sal,,,,
3052,80,,3,7,15.4,Shorea robusta,Sal,,,6.1,9.6
3052,81,,3,19.2,11,Shorea robusta,Sal,,,,
3052,82,,3,22,13,Shorea robusta,Sal,,,14.2,15.6
3052,83,,4,22,22.5,Shorea robusta,Sal,,,15.5,18.4
3052,84,,4,19.4,23,Shorea robusta,Sal,,,14.6,15.4
3052,85,,4,17.2,21,Shorea robusta,Sal,,,13.2,13.4
3052,86,,4,17.2,23.4,Shorea robusta,Sal,,,13.5,15.2
3052,87,,3,16.2,15.3,Shorea robusta,Sal,,,6.6,6
3052,88,,4,13.5,21.2,Shorea robusta,Sal,,,15.8,15.2
3052,89,,4,11.8,22.9,Shorea robusta,Sal,,,,
3052,90,,4,8.7,21.3,Casearia graveolens,Barkaule,,,,
3052,91,,3,19,13.5,Shorea robusta,Sal,,,,
3052,92,,2,24,10,Shorea robusta,Sal,,,15.3,7.7
3052,93,,1,3.3,1,Shorea robusta,Sal,,,11.1,11.5
3052,94,,1,16.6,1,Shorea robusta,Sal,,,11.2,12.2
3052,95,,2,5.4,7.6,Shorea robusta,Sal,,,,
3052,96,,2,10.1,5.8,Shorea robusta,Sal,,,10.5,13.2
3052,97,,2,14.6,9.07,Shorea robusta,Sal,,,,
3052,98,,2,14.8,5.05,Shorea robusta,Sal,,,4,3.3
3052,99,,2,21.1,6.6,Shorea robusta,Sal,,,10.5,11.9
3052,100,,2,21.4,6.8,Casearia graveolens,Barkaule,,,11.8,7.1
3052,101,,2,5.8,10.5,Shorea robusta,Sal,,,9.2,7.5
3052,102,,3,8.9,13.4,Shorea robusta,Sal,,,,
3052,103,,3,13.1,12.5,Shorea robusta,Sal,,,5.6,7.5
3052,104,,3,15.4,13.6,Shorea robusta,Sal,,,,
3052,105,,3,18.6,15.4,Casearia graveolens,Barkaule,,,4.5,4.5
3052,106,,4,21.1,22.8,Shorea robusta,Sal,,,11.2,12.3
3052,107,,1,13.7,1,Lagerstroemia parviflora,Botdhairo,,,10.3,11
3052,108,,1,19.1,1,Lagerstroemia parviflora,Botdhairo,,,11.1,13.8
3052,109,,1,23.9,1,Lagerstroemia parviflora,Botdhairo,,,11.3,12.1
3052,110,,1,22,1,Lagerstroemia parviflora,Botdhairo,,,10.1,9.6
3052,111,,4,24.3,21.2,Shorea robusta,Sal,,,14.3,15.4
3053,1,,1,2.9,1,Cleistocalyx operculatus ,Kyamuna,16.1,11.6521226,,
3053,2,,1,4.9,1,Cleistocalyx operculatus ,Kyamuna,19.1,13.0303012,,
3053,3,,1,15.2,1,Shorea robusta,Sal,10.8,10.26934571,,
3053,4,,1,20,1,Shorea robusta,Sal,14.6,13.20680137,,
3053,5,,1,20.5,1,Lagerstroemia parviflora,Botdhairo,13.5,10.2315142,,
3053,6,,1,22.9,1,Shorea robusta,Sal,12,11.29593643,,
3053,7,,2,23.3,5.4,Shorea robusta,Sal,11.5,10.88125257,,
3053,8,,2,19.2,5.4,Syzygium cumini,Jamun,5,4.940004154,,
3053,9,,2,16.2,6.8,Lagerstroemia parviflora,Botdhairo,7.5,6.547794947,,
3053,10,,2,19.4,10.2,Sapium insigne,Khirro,4.8,4.778132699,,
3053,11,,2,17.3,9.6,Shorea robusta,Sal,6.2,6.032096563,,
3053,12,,2,15.9,10.2,Cleistocalyx operculatus ,Kyamuna,8.5,7.044104358,,
3053,13,,2,14.3,10.2,Shorea robusta,Sal,19.7,16.12595574,,
3053,14,,2,14.2,10.2,Cleistocalyx operculatus ,Kyamuna,5,4.940004154,,
3053,15,,2,14.2,10.2,Shorea robusta,Sal,2.2,1.535768407,,
3053,16,,2,14.3,8.4,Cleistocalyx operculatus ,Kyamuna,10.8,8.431705254,,
3053,17,,2,13.5,7.5,Shorea robusta,Sal,10.4,9.901619053,,
3053,18,,2,12.2,9.17,Callicarpa arborea ,Guheli,8.7,7.136324794,,
3053,19,,2,11.1,9.8,Shorea robusta,Sal,6,5.889798569,,
3053,20,20a,2,10.3,10.2,Sapium insigne,Khirro,4.4,4.433106486,,
3053,21,20b,2,10.3,10.2,Sapium insigne,Khirro,2.5,2.191467639,,
3053,22,,2,9.7,10.2,Sapium insigne,Khirro,2.6,2.346989533,,
3053,23,,2,19.3,6.8,Cleistocalyx operculatus ,Kyamuna,15.4,11.29358802,,
3053,24,,2,11.5,5.2,Syzygium cumini,Jamun,5.5,5.31793761,,
3053,25,,2,9.2,7.4,Cleistocalyx operculatus ,Kyamuna,4.1,4.153086647,,
3053,26,,2,8.2,10,Dalbergia sissoo,Sissoo,10.2,7.970682636,,
3053,27,,2,8,7.2,Dalbergia sissoo,Sissoo,8.8,7.181643001,,
3053,28,28a,2,7.6,6.3,Syzygium cumini,Jamun,6.5,5.980357172,,
3053,29,28b,2,7.6,6.3,Syzygium cumini,Jamun,5.6,5.38938639,,
3053,30,,2,5.3,8.5,Trewia nudiflora,Gutel,17.5,12.32465365,,
3053,31,,2,1.6,7.4,Cleistocalyx operculatus ,Kyamuna,12.1,9.348447219,,
3053,32,,3,0.1,13.5,Cleistocalyx operculatus ,Kyamuna,10,7.810960585,,
3053,33,33a,3,0.5,13.2,Schima wallichii,Chilaune,16.4,11.80103206,,
3053,34,33b,3,0.5,13.2,Schima wallichii,Chilaune,11.2,8.725035762,,
3053,35,,3,5,15.1,Shorea robusta,Sal,7.3,6.740878309,,
3053,36,36a,3,8.5,13.9,Lagerstroemia parviflora,Botdhairo,11.4,8.867795241,,
3053,37,36b,3,8.5,13.9,Lagerstroemia parviflora,Botdhairo,12.4,9.545984439,,
3053,38,,3,9.4,13.8,Shorea robusta,Sal,4.3,4.444051614,,
3053,39,,3,9.7,13.3,Acacia pennata,Angeri,6,5.662963823,,
3053,40,,3,7.6,10.4,Sapium insigne,Khirro,5.6,5.38938639,,
3053,41,,3,10,10.9,Shorea robusta,Sal,4.1,4.23736017,,
3053,42,,3,12.6,11.8,Shorea robusta,Sal,4.3,4.444051614,,
3053,43,,3,12.6,12.1,Syzygium cumini,Jamun,5.8,5.528534,,
3053,44,,3,12.2,10.05,Shorea robusta,Sal,5,5.098577709,,
3053,45,,3,12,15.1,Sapium insigne,Khirro,4.6,4.60937106,,
3053,46,,3,14.3,14.1,Shorea robusta,Sal,4.3,4.444051614,,
3053,47,,3,14.6,13.9,Sapium insigne,Khirro,4,4.05517303,,
3053,48,,3,16.4,10.3,Shorea robusta,Sal,5.5,5.512195296,,
3053,49,,3,16.8,15.22,Sapium insigne,Khirro,8.5,7.044104358,,
3053,50,,3,18.6,14.2,Trewia nudiflora,Gutel,18.7,12.85959219,,
3053,51,,3,18.5,13.2,Shorea robusta,Sal,6.8,6.43296906,,
3053,52,,3,18.8,12.3,Shorea robusta,Sal,11.3,10.71030784,,
3053,53,,3,18.4,10.9,Syzygium cumini,Jamun,9.1,7.314570532,,
3053,54,,3,19.5,10.8,Syzygium cumini,Jamun,6.7,6.100526974,,
3053,55,,3,19.6,10.8,Shorea robusta,Sal,7,6.558766274,,
3053,56,,3,21.2,11.5,Shorea robusta,Sal,17.4,14.9163031,,
3053,57,,3,21.4,14.5,Dalbergia sissoo,Sissoo,14.8,10.97305445,,
3053,58,,3,21.4,15.2,Cleistocalyx operculatus ,Kyamuna,11.2,8.725035762,,
3053,59,,4,23.7,24.8,Cleistocalyx operculatus ,Kyamuna,10.5,8.204487412,,
3053,60,,4,17.3,23.6,Cleistocalyx operculatus ,Kyamuna,12.1,9.348447219,,
3053,61,,4,13,23,Bombax ceiba,Simal,10.7,8.356674946,,
3053,62,,4,9.7,24.2,Cleistocalyx operculatus ,Kyamuna,10.8,8.431705254,,
3053,63,,4,10.3,21,Albizia lucida,Padke,12.4,9.545984439,,
3053,64,,4,9,21.7,Albizia lucida,Padke,14.8,10.97305445,,
3053,65,,4,8.6,22.9,Albizia lucida,Padke,15.5,11.34579338,,
3053,66,,4,7.2,24.6,Lagerstroemia parviflora,Botdhairo,10.3,8.049373016,,
3053,67,,4,5,22.4,Shorea robusta,Sal,12.7,11.84835318,,
3054,2,,1,8,1,Shorea robusta,Sal,10.5,9.994859956,15.3,15.7
3054,3,,1,13.5,1,Shorea robusta,Sal,11.5,10.88125257,16.7,18.3
3054,4,,1,15.65,1,Shorea robusta,Sal,11.4,10.79615509,17.3,15.2
3054,5,,1,17.3,1,Shorea robusta,Sal,10.3,9.807477258,14.7,15
3054,6,,1,18.1,1,Shorea robusta,Sal,10.2,9.712416991,14.9,13
3054,7,,1,22.5,1,Cleistocalyx operculatus ,Kyamuna,12.4,9.545984439,14.1,10.8
3054,8,,1,24.2,1,Shorea robusta,Sal,10.6,10.08721705,17,15.6
3054,9,,1,24.9,1,Shorea robusta,Sal,10.6,10.08721705,15.1,15.3
3054,10,,2,23,8.55,Shorea robusta,Sal,13,12.07584056,20,16
3054,13,,2,19.5,7.1,Shorea robusta,Sal,10.8,10.26934571,15.9,16.3
3054,14,14a,2,18.5,7.65,Xeromphis spinosa ,MainKanda,4.3,4.34194615,,
3054,15,,2,18,7.3,Shorea robusta,Sal,6.3,6.101533244,8,5
3054,16,,2,18.7,6.55,Shorea robusta,Sal,7.2,6.681019429,13.5,13.2
3054,17,,2,16.3,6.55,Shorea robusta,Sal,9.2,7.74477736,16.9,14.3
3054,18,,2,7.8,6,Shorea robusta,Sal,16.7,14.5162164,19.8,15.3
3054,19,,2,14.3,9.7,Casearia graveolens,Barkaule,3.7,3.74603213,,
3054,20,,2,13.4,10.27,Shorea robusta,Sal,11,10.44813238,15.9,15
3054,21,,2,12.6,10.27,Shorea robusta,Sal,8.1,7.192162468,10.8,10.5
3054,22,,2,11.8,8.4,Shorea robusta,Sal,6,5.889798569,,
3054,23,,2,11.4,8,Xeromphis spinosa ,MainKanda,3.3,3.292360764,5.5,3.1
3054,24,24a,2,12.6,7,Lagerstroemia parviflora,Botdhairo,4.5,4.522218101,,
3054,25,24b,2,12.6,8.1,Lagerstroemia parviflora,Botdhairo,3.7,3.74603213,,
3054,26,,2,11.8,7,Shorea robusta,Sal,5.1,5.18451517,6.2,6.4
3054,27,,2,11.2,7,Shorea robusta,Sal,4,4.130201639,8.5,7.2
3054,28,,2,11.15,6.1,Shorea robusta,Sal,6,5.889798569,10.9,9.6
3054,29,,2,14.5,6.3,Lagerstroemia parviflora,Botdhairo,5.5,5.31793761,,
3054,30,,2,13.1,7.5,Shorea robusta,Sal,8.9,7.600906726,13.6,13
3054,31,,2,14.6,7.6,Shorea robusta,Sal,7.1,6.620323334,,
3054,32,,2,11.6,7.6,Shorea robusta,Sal,6.6,6.303416156,,
3054,33,,2,10.8,10.1,Shorea robusta,Sal,10.1,9.616420156,15,15.2
3054,34,,2,9.4,9.8,Shorea robusta,Sal,5.3,5.351447289,,
3054,35,,2,7.5,9.8,Shorea robusta,Sal,6,5.889798569,7.1,7.6
3054,36,,2,7.6,9.5,Shorea robusta,Sal,7.2,6.681019429,10.3,8.2
3054,37,,2,9.6,8.5,Casearia graveolens,Barkaule,5.1,5.018527512,,
3054,38,,2,10.3,7.9,Shorea robusta,Sal,5.3,5.351447289,,
3054,39,,2,5.7,9.4,Phyllanthus emblica,Amala,8.3,6.949687993,10.9,11
3054,40,,2,6,9,Shorea robusta,Sal,13.7,12.58685804,20.5,21
3054,41,,2,6.2,8.4,Shorea robusta,Sal,6.9,6.49632347,7.9,7.8
3054,42,,2,5.7,5.5,Shorea robusta,Sal,11.7,11.04924984,17.6,15
3054,43,,2,1,9.87,Shorea robusta,Sal,10,9.519468112,15.3,15
3054,44,,3,2.7,13.5,Shorea robusta,Sal,14.5,13.13983478,18.9,16.2
3054,45,,3,4.2,14.35,Shorea robusta,Sal,11.1,10.53631036,14.2,12
3054,46,,3,4.6,12.7,Shorea robusta,Sal,12.8,11.92477397,15.5,12.9
3054,47,47a,3,6.3,14.97,Lagerstroemia parviflora,Botdhairo,9.2,7.357907575,,
3054,48,47b,3,6.3,14.97,Lagerstroemia parviflora,Botdhairo,9.7,7.567760774,15.3,10.8
3054,49,,3,7.5,15.27,Shorea robusta,Sal,4.4,4.543819226,,
3054,50,,3,6.7,11.9,Shorea robusta,Sal,4.4,4.543819226,,
3054,51,,3,7.5,11.3,Shorea robusta,Sal,10.8,10.26934571,15.9,14
3054,52,,3,6.2,10.4,Shorea robusta,Sal,13.4,12.37112376,16.6,14.7
3054,53,,3,6.55,10.1,Shorea robusta,Sal,6.6,6.303416156,9.1,8.8
3054,54,,3,9.9,11.5,Lagerstroemia parviflora,Botdhairo,8.6,7.090482665,10.3,1.5
3054,55,,3,10.6,11.2,Shorea robusta,Sal,11.9,11.21439956,16.7,14.4
3054,56,,3,10.5,10.3,Shorea robusta,Sal,6.1,5.96153078,,
3054,57,,3,11.4,12.8,Shorea robusta,Sal,11.1,10.53631036,14,15
3054,58,,3,8.8,14.5,Shorea robusta,Sal,12.5,11.69368962,17,15.3
3054,59,,3,8.8,14,Shorea robusta,Sal,5.7,5.667201059,7.1,8.2
3054,60,,3,9.8,13.45,Shorea robusta,Sal,4.7,4.830057019,,
3054,61,,3,12,15.2,Shorea robusta,Sal,7.2,6.681019429,9.1,9.3
3054,63,,3,13.6,15,Shorea robusta,Sal,8.9,7.600906726,11.6,11.9
3054,64,,3,12.2,16.2,Shorea robusta,Sal,4,4.130201639,,
3054,65,,3,12.8,10.4,Shorea robusta,Sal,9.1,7.697348472,13.8,14
3054,66,,3,12.8,12,Lagerstroemia parviflora,Botdhairo,5.6,5.38938639,,
3054,67,,3,12.8,12.6,Shorea robusta,Sal,12.8,11.92477397,15.6,14.3
3054,68,,3,14.4,11.5,Shorea robusta,Sal,5.4,5.432565539,,
3054,70,,3,14.8,16.5,Shorea robusta,Sal,9.9,8.063013086,13.6,12.5
3054,71,,3,15.4,15.6,Shorea robusta,Sal,7.2,6.681019429,9.5,9.9
3054,72,,3,14.9,15.9,Shorea robusta,Sal,8.3,7.298014058,10.6,9.9
3054,73,,3,16.3,14.42,Shorea robusta,Sal,6,5.889798569,8.8,9.3
3054,74,,3,16.8,14.62,Shorea robusta,Sal,5.6,5.590390204,7.7,8.4
3054,76,,3,17.4,13.37,Shorea robusta,Sal,4.4,4.543819226,,
3054,77,,3,17.4,13.37,Shorea robusta,Sal,4.5,4.641344679,7.6,8.3
3054,78,,3,15.7,12.97,Shorea robusta,Sal,6.6,6.303416156,11.8,9.4
3054,79,,3,15.2,13.37,Shorea robusta,Sal,8.7,7.502272934,12.4,12
3054,80,,3,15.4,11.8,Semecarpus anacardium,Bhalayo,12.1,9.348447219,14.2,6
3054,81,,3,16.6,34,Shorea robusta,Sal,6.5,6.237159907,7.2,8.2
3054,82,,3,16.4,11.57,Shorea robusta,Sal,5,5.098577709,6.8,7.4
3054,83,,3,16.4,13.7,Shorea robusta,Sal,5.1,5.18451517,6,7
3054,84,,3,17.1,10.5,Shorea robusta,Sal,7.7,6.972383861,11.3,12
3054,85,,3,18.4,10.8,Shorea robusta,Sal,8.6,7.452102433,10.9,11.1
3054,86,,3,20.3,14.27,Shorea robusta,Sal,12.5,11.69368962,17.6,13.6
3054,87,,3,23.3,15.17,Shorea robusta,Sal,10.2,9.712416991,14.5,13.6
3054,88,,4,25,25.47,Shorea robusta,Sal,17.3,14.86014387,23.1,16.2
3054,89,,4,20.2,25.27,Shorea robusta,Sal,11.3,10.71030784,15.6,14.3
3054,90,,4,17.7,23.27,Shorea robusta,Sal,10.6,10.08721705,14.5,10.5
3054,91,,4,13,20.4,Shorea robusta,Sal,10.7,10.17870692,13.9,14.5
3054,92,,4,7.3,22.9,Shorea robusta,Sal,12.8,11.92477397,17.7,15.4
3054,93,,4,5.3,24.47,Lagerstroemia parviflora,Botdhairo,10.2,7.970682636,15.6,11
3054,94,,3,13.5,11.3,Shorea robusta,Sal,5.4,5.432565539,,
3054,95,,3,15,13.3,Shorea robusta,Sal,10.6,10.08721705,14.3,13.8
3054,96,,1,1.3,1,Lagerstroemia parviflora,Botdhairo,,,13.8,9.2
3054,97,,1,8.8,1,Shorea robusta,Sal,,,12.1,11.8
3054,98,,1,10.7,1,Shorea robusta,Sal,,,14.1,13.5
3054,99,,1,21.5,1,Shorea robusta,Sal,,,12.9,11.5
3054,100,,1,24.1,1,Shorea robusta,Sal,,,16.6,13.3
3054,101,,2,21,6,Shorea robusta,Sal,,,14,15.3
3054,102,,2,18.5,6.8,Shorea robusta,Sal,,,,
3054,103,,2,18.4,5.6,Shorea robusta,Sal,,,,
3054,104,,2,19.4,5.2,Lagerstroemia parviflora,Botdhairo,,,6.9,4.2
3054,105,,2,16.9,6.6,Shorea robusta,Sal,,,12.5,10.5
3054,106,,2,15.1,9.1,Shorea robusta,Sal,,,,
3054,107,,2,9.6,5.1,Shorea robusta,Sal,,,13.1,13.7
3054,108,,2,8.5,5.1,Shorea robusta,Sal,,,15.9,14.6
3054,110,,2,2.5,9.8,Shorea robusta,Sal,,,11.5,14.3
3054,111,,3,3.1,10.6,Shorea robusta,Sal,,,11,8.6
3054,112,,3,5.4,14.2,Shorea robusta,Sal,,,10.2,7.9
3054,113,,3,9.2,14.2,Shorea robusta,Sal,,,,
3054,114,,3,13.7,13.7,Shorea robusta,Sal,,,,
3054,115,,3,21.4,11.1,Shorea robusta,Sal,,,15.6,12.3
3054,116,,4,22,23.5,Shorea robusta,Sal,,,12,10.2
3054,117,,4,14.9,25,Shorea robusta,Sal,,,13.4,10.3
3054,118,,4,13.2,25.3,Shorea robusta,Sal,,,15.4,10.3
3054,119,,4,12.4,22.2,Shorea robusta,Sal,,,12.8,4.3
3054,120,,4,10.9,22.8,Shorea robusta,Sal,,,13.3,14.1
3054,121,,4,4,23.7,Shorea robusta,Sal,,,14,12.2
3054,122,14b,2,18.5,7.7,Terminalia alata ,Saj,,,,
3054,123,,1,2.3,1,Casearia graveolens,Barkaule,,,10.8,11.6
3054,124,,1,11.3,1,Shorea robusta,Sal,,,11.2,11
3054,125,,1,18.3,1,Shorea robusta,Sal,,,11.4,12.2
3054,126,,4,5,20.01,Shorea robusta,Sal,,,11.9,12
3054,127,,4,9.1,21.6,Shorea robusta,Sal,,,10.3,10.5
3054,128,,4,9.8,22.3,Shorea robusta,Sal,,,10.7,11.3
3054,129,,4,13.6,21.7,Shorea robusta,Sal,,,10.6,11
3054,130,,4,15.2,22.9,Lagerstroemia parviflora,Botdhairo,,,10.9,11.8
3054,131,,4,15.5,20.5,Shorea robusta,Sal,,,10.3,10.5
3054,132,,4,19.7,23.1,Shorea robusta,Sal,,,10.9,10
3054,133,,4,20,21.6,Shorea robusta,Sal,,,10.6,10.8
3054,134,,4,22,22.7,Shorea robusta,Sal,,,11.6,12.2
3055,1,,1,1.8,1,Shorea robusta,Sal,12,11.29593643,19.2,13
3055,2,,1,4.5,1,Glochidion acuminatum ,Latikath,10.3,8.049373016,15,13.2
3055,3,,1,0.3,1,Shorea robusta,Sal,10.6,10.08721705,14.7,10.4
3055,4,,1,14.6,1,Lagerstroemia parviflora,Botdhairo,11.1,8.65269716,15.3,10
3055,5,,1,16.3,1,Semecarpus anacardium,Bhalayo,14.3,10.69585535,14.9,4.6
3055,6,,2,21,5.2,Lagerstroemia parviflora,Botdhairo,11,8.579703902,14.9,11.3
3055,7,,2,19.1,5.3,Shorea robusta,Sal,5.5,5.512195296,8.5,8.7
3055,8,,2,14.9,5.7,Shorea robusta,Sal,2.9,2.734625185,,
3055,9,,2,13.6,8.27,Terminalia alata ,Saj,33.1,17.4651856,35.8,16.2
3055,10,,2,11.6,6.3,Semecarpus anacardium,Bhalayo,21.8,14.09676124,23.5,13.2
3055,11,,2,11.9,5.8,Buchannaia latifolia ,Sani/Piyari Bhalayo,5.2,5.095526048,,
3055,13,,2,10.8,5.6,Shorea robusta,Sal,2.3,1.728675721,,
3055,14,,2,5.9,5.2,Shorea robusta,Sal,4.4,4.543819226,8.8,10.8
3055,15,,2,17.9,9.87,Buchannaia latifolia ,Sani/Piyari Bhalayo,21.9,14.13367527,22.5,12.3
3055,16,,2,15.8,10.07,Semecarpus anacardium,Bhalayo,17.1,12.13815516,17.9,12.4
3055,17,,2,10.1,9.67,Shorea robusta,Sal,34.4,21.55740794,38.2,16.7
3055,18,,2,5.2,9.97,Shorea robusta,Sal,4.5,4.641344679,8.5,8.3
3055,19,,2,5.7,10.67,Lagerstroemia parviflora,Botdhairo,5,4.940004154,12.4,12.7
3055,20,,3,1.2,14.67,Buchannaia latifolia ,Sani/Piyari Bhalayo,14.3,10.69585535,17,8.8
3055,21,,3,5.7,14.67,Lagerstroemia parviflora,Botdhairo,9.6,7.526669214,13,10.8
3055,22,,3,6.8,15.67,Zizyphus rugosa ,Dumrai,5.1,5.018527512,,
3055,23,,3,9.5,15.07,Shorea robusta,Sal,7.8,7.028380767,14.1,12.1
3055,24,,3,10.7,15.47,Shorea robusta,Sal,4.1,4.23736017,7.7,7.3
3055,25,,3,12.2,15.47,Zizyphus rugosa ,Dumrai,6.1,5.728507464,,
3055,26,,3,12.6,13.67,Lagerstroemia parviflora,Botdhairo,8,6.803709545,11.4,10.7
3055,27,,3,12.7,13.67,Shorea robusta,Sal,7.8,7.028380767,13.2,11.3
3055,28,,3,16.6,12.2,Shorea robusta,Sal,4.7,4.830057019,,
3055,29,,3,17.1,11,Shorea robusta,Sal,4.7,4.830057019,,
3055,30,30a,3,18.7,14.6,Woodfordia fruticosa ,Botdhairo,5.1,5.018527512,7.9,7.8
3055,31,,3,18.6,15.67,Lagerstroemia parviflora,Botdhairo,4,4.05517303,,
3055,32,32a,4,21.9,23.3,Lagerstroemia parviflora,Botdhairo,15.6,11.39766301,,
3055,33,32b,4,21.9,23.3,Lagerstroemia parviflora,Botdhairo,10.5,8.204487412,,
3055,34,,4,17.2,24.66,Buchannaia latifolia ,Sani/Piyari Bhalayo,27,15.82223141,,
3055,35,,4,11.64,23.34,Terminalia alata ,Saj,41.3,19.25036067,45.3,10.3
3055,36,,4,7,25.3,Lagerstroemia parviflora,Botdhairo,10.7,8.356674946,15,13.22
3055,37,,4,6.8,22.5,Zizyphus rugosa ,Dumrai,10.6,8.280940117,,
3055,38,,4,0.7,21.4,Buchannaia latifolia ,Sani/Piyari Bhalayo,11.3,8.796731345,18,7.5
3055,39,,4,1.8,20.7,Buchannaia latifolia ,Sani/Piyari Bhalayo,11.3,8.796731345,17,8.2
3055,40,,1,3.4,1,Shorea robusta,Sal,,,14.7,11.3
3055,41,,2,14.4,7,Myrsine sp.,Kaiyo,,,,
3055,42,,3,17,10.8,Shorea robusta,Sal,,,,
3055,43,30b,3,18.7,14.6,Woodfordia fruticosa ,Botdhairo,,,6.9,7.3
3055,44,,4,10.6,22.8,Shorea robusta,Sal,,,15.2,12
3055,45,,1,8.9,1,Lagerstroemia parviflora,Botdhairo,,,12.2,14.2
3055,46,,1,19.5,1,Shorea robusta,Sal,,,10.8,11.3
3055,47,,1,23.1,1,Shorea robusta,Sal,,,11.8,12
3055,48,,3,24.6,10.4,Shorea robusta,Sal,,,11.7,11.9
3055,49,,4,12.5,25.7,Shorea robusta,Sal,,,10.5,11.1
3055,50,,3,2,10.4,Shorea robusta,Sal,,,10.4,10.3
3055,51,,2,15,5.8,Shorea robusta,Sal,,,,
3056,1,,1,2.7,1,Lagerstroemia parviflora,Botdhairo,15.8,11.50041217,19.5,15.5
3056,2,,1,4.9,1,Shorea robusta,Sal,12.5,11.69368962,20,18
3056,3,,1,5.1,1,Shorea robusta,Sal,10.7,10.17870692,17.8,16.7
3056,4,,1,6.7,1,Cassia fistula,Rajbrikhsa,11,8.579703902,11.5,9.1
3056,5,,1,10.5,1,Shorea robusta,Sal,11,10.44813238,19.8,13.1
3056,6,,1,14.7,1,Shorea robusta,Sal,10.4,9.901619053,18.3,13.8
3056,7,,1,19.6,1,Shorea robusta,Sal,13.2,12.2246007,23.9,18.8
3056,8,,1,20.8,1,Lagerstroemia parviflora,Botdhairo,11,8.579703902,11.9,11.5
3056,9,,1,23.3,1,Casearia graveolens,Barkaule,12.7,9.738799199,14,12.3
3056,10,,1,21.7,1,Shorea robusta,Sal,10.9,10.35914911,14.7,13.4
3056,11,,2,23.44,6.86,Lagerstroemia parviflora,Botdhairo,11,8.579703902,13.3,5.2
3056,12,12a,2,21.8,9.1,Lagerstroemia parviflora,Botdhairo,13,9.927112032,15.2,2.1
3056,13,12b,2,21.8,9.1,Lagerstroemia parviflora,Botdhairo,15,11.08132051,15.6,6.4
3056,14,,2,17.74,6.48,Casearia graveolens,Barkaule,10.7,8.356674946,,
3056,15,,2,17.2,6.62,Lagerstroemia parviflora,Botdhairo,15.7,11.44920121,20.3,16
3056,16,,2,16.9,8.1,Cassia fistula,Rajbrikhsa,8.5,7.044104358,,
3056,17,,2,15.82,5.32,Lagerstroemia parviflora,Botdhairo,8.3,6.949687993,9.8,3.5
3056,18,,2,15,5.62,Shorea robusta,Sal,4.5,4.641344679,,
3056,19,,2,13.49,5.84,Shorea robusta,Sal,4.8,4.921422499,,
3056,20,,2,13.43,7,Shorea robusta,Sal,3.7,3.791871937,,
3056,21,,2,13.04,7.82,Shorea robusta,Sal,5.3,5.351447289,,
3056,22,,2,13.35,8.18,Cassia fistula,Rajbrikhsa,17.5,12.32465365,18.7,14.9
3056,23,,2,14,8.52,Casearia graveolens,Barkaule,3.2,3.170341906,,
3056,24,,2,13.8,10.27,Shorea robusta,Sal,4.8,4.921422499,,
3056,25,,2,12.9,9.58,Shorea robusta,Sal,3.2,3.161825569,,
3056,26,,2,12.3,9.69,Shorea robusta,Sal,7.1,6.620323334,,
3056,27,,2,12.05,9.32,Shorea robusta,Sal,7.9,7.083664317,12.7,12.7
3056,28,,2,11.56,9.12,Lagerstroemia parviflora,Botdhairo,7.1,6.330463847,7.8,1.5
3056,29,,2,10.8,10.22,Cleistocalyx operculatus ,Kyamuna,7.3,6.440618153,,
3056,30,,2,10.1,10.17,Shorea robusta,Sal,3.7,3.791871937,,
3056,31,,2,10.6,8.18,Cassia fistula,Rajbrikhsa,8,6.803709545,,
3056,32,,2,10.84,8.88,Shorea robusta,Sal,4.8,4.921422499,,
3056,33,,2,11.5,5.83,Lagerstroemia parviflora,Botdhairo,8.7,7.136324794,8.9,6.5
3056,34,,2,11.02,6.15,Casearia graveolens,Barkaule,2.2,1.684569971,,
3056,35,,2,10.4,5.5,Shorea robusta,Sal,14.9,13.40498311,19.6,16
3056,36,,2,9.1,7.28,Shorea robusta,Sal,4.4,4.543819226,,
3056,37,,2,8.7,7.55,Shorea robusta,Sal,4.2,4.341936314,,
3056,38,,2,8.5,8.56,Shorea robusta,Sal,5.1,5.18451517,,
3056,39,,2,8.8,9.74,Shorea robusta,Sal,7.9,7.083664317,12.2,13.2
3056,40,,2,9.26,10.26,Casearia graveolens,Barkaule,4.2,4.248640668,,
3056,41,,2,7.82,9.9,Shorea robusta,Sal,4,4.130201639,,
3056,42,,2,7.5,7.89,Sapium insigne,Khirro,8.3,6.949687993,9,9
3056,43,,2,8,6.85,Shorea robusta,Sal,12.3,11.53653137,22.2,22.5
3056,44,44a,2,6.2,9.73,Lagerstroemia parviflora,Botdhairo,9.9,7.648688072,,
3056,45,44b,2,6.2,9.73,Lagerstroemia parviflora,Botdhairo,9.4,7.443186131,11.2,11.8
3056,46,,2,6.2,8.68,Shorea robusta,Sal,11.2,10.62369749,16,11.8
3056,47,,2,5.25,5.25,Lagerstroemia parviflora,Botdhairo,10.5,8.204487412,10.8,5.1
3056,48,,2,2.8,8.46,Shorea robusta,Sal,15.2,13.59921413,22.2,21.8
3056,49,49a,2,1.06,5.52,Lagerstroemia parviflora,Botdhairo,12.1,9.348447219,13.5,11.3
3056,50,49b,2,1.06,5.52,Lagerstroemia parviflora,Botdhairo,10.6,8.280940117,10.6,9.4
3056,51,,3,2.56,10.46,Shorea robusta,Sal,12.5,11.69368962,17.5,15.5
3056,52,,3,2.46,12.96,Shorea robusta,Sal,11.4,10.79615509,20.3,14.2
3056,53,,3,5.46,11.4,Lagerstroemia parviflora,Botdhairo,11,8.579703902,17.1,15.4
3056,54,,3,5.58,11.97,Shorea robusta,Sal,5.2,5.268783837,8.5,10.3
3056,55,,3,5.4,12.72,Cassia fistula,Rajbrikhsa,6,5.662963823,,
3056,56,,3,7,10.4,Adina cordifolia,Karma,4.4,4.433106486,5,1.8
3056,57,,3,7.75,10.1,Shorea robusta,Sal,7.8,7.028380767,15,13.8
3056,58,,3,9.1,15.17,Shorea robusta,Sal,7,6.558766274,,
3056,59,,3,8.96,12.16,Lagerstroemia parviflora,Botdhairo,10.3,8.049373016,13,9.9
3056,60,,3,10.2,12.4,Shorea robusta,Sal,9.7,7.974444705,19.5,14.4
3056,61,,3,11.3,11.52,Casearia graveolens,Barkaule,6.4,5.918878421,7.7,11.3
3056,62,,3,11.5,14.52,Shorea robusta,Sal,7.4,6.799922757,,
3056,63,,3,11.6,14.34,Terminalia alata ,Saj,9,7.270754617,,
3056,64,,3,12.2,14.4,Shorea robusta,Sal,6.2,6.032096563,,
3056,65,,3,12.25,15.28,Casearia graveolens,Barkaule,7.5,6.547794947,,
3056,66,,3,13.1,15.1,Shorea robusta,Sal,11,10.44813238,17.2,16
3056,67,,3,13.25,15.4,Lagerstroemia parviflora,Botdhairo,8.4,6.997177183,13.7,16
3056,68,,3,12.4,12.88,Lagerstroemia parviflora,Botdhairo,8.2,6.901623162,10.9,12
3056,69,,3,11.9,12.58,Shorea robusta,Sal,8,7.138252458,,
3056,70,,3,12.6,11.93,Sapium insigne,Khirro,8.5,7.044104358,10.5,8.1
3056,71,,3,14.4,13.16,Syzygium cumini,Jamun,4.8,4.778132699,,
3056,72,,3,15,14.28,Lagerstroemia parviflora,Botdhairo,6.2,5.792985308,,
3056,73,,3,15.32,10.1,Lagerstroemia parviflora,Botdhairo,11,8.579703902,12.2,8.5
3056,74,,3,15.6,12.76,Shorea robusta,Sal,4,4.130201639,,
3056,75,,3,16.1,13.11,Casearia graveolens,Barkaule,5.7,5.459570523,,
3056,76,,3,15.7,13.7,Semecarpus anacardium,Bhalayo,10.9,8.506044029,17,13.6
3056,77,,3,16.1,14.72,Shorea robusta,Sal,4.3,4.444051614,,
3056,78,,3,17,14.95,Lagerstroemia parviflora,Botdhairo,12.9,9.864828325,14.7,13.6
3056,79,,3,17.3,10.28,Shorea robusta,Sal,5.9,5.816860717,,
3056,80,,3,17.8,13.07,Casearia graveolens,Barkaule,5.2,5.095526048,,
3056,81,,3,17.7,13.23,Shorea robusta,Sal,6.1,5.96153078,13.1,12.5
3056,82,,3,18.4,15,Lagerstroemia parviflora,Botdhairo,5.4,5.245177771,,
3056,83,,3,19.8,11.74,Shorea robusta,Sal,4.5,4.641344679,,
3056,84,,4,20.7,23.82,Cassia fistula,Rajbrikhsa,10.9,8.506044029,12.8,10.9
3056,85,,4,16.3,21.72,Shorea robusta,Sal,10.4,9.901619053,13.4,11.9
3056,86,,4,16.3,20.1,Shorea robusta,Sal,11,10.44813238,21.5,20.6
3056,88,,4,14.4,23.65,Shorea robusta,Sal,12,11.29593643,26.2,15.9
3056,89,,4,11,24.54,Shorea robusta,Sal,12.3,11.53653137,13.6,12.8
3056,90,,4,7.9,23.23,Shorea robusta,Sal,17,14.68969754,25,17.7
3056,91,,4,2.8,20.4,Shorea robusta,Sal,10.8,10.26934571,14.8,1.8
3056,92,,4,0.7,25.37,Shorea robusta,Sal,11.5,10.88125257,18.5,15.4
3056,93,,1,6.9,1,Shorea robusta,Sal,,,12.7,13.4
3056,94,,1,13.4,1,Shorea robusta,Sal,,,12.3,8.5
3056,95,,1,22.7,1,Shorea robusta,Sal,,,,
3056,96,,2,14.9,9.7,Shorea robusta,Sal,,,,
3056,97,,2,8.2,9.3,Shorea robusta,Sal,,,,
3056,98,,2,0.2,9.3,Shorea robusta,Sal,,,15.3,12.9
3056,99,,3,1.1,11,Shorea robusta,Sal,,,15.3,12.2
3056,100,,3,9,10.6,Casearia graveolens,Barkaule,,,,
3056,101,,3,21.5,14.1,Lagerstroemia parviflora,Botdhairo,,,11.8,8.8
3056,102,,3,22.8,13.9,Shorea robusta,Sal,,,24,16.5
3056,103,,4,22.5,22.1,Shorea robusta,Sal,,,13.7,11.8
3056,104,,4,18.9,21.6,Semecarpus anacardium,Bhalayo,,,12.3,8.6
3056,105,,4,16.7,24.3,Shorea robusta,Sal,,,18.5,17.6
3056,106,,4,4,20.1,Shorea robusta,Sal,,,18.8,20.2
3056,107,,1,0.1,1,Lagerstroemia parviflora,Botdhairo,,,10,1.5
3056,108,,1,14.8,1,Casearia graveolens,Barkaule,,,10.5,9.7
3056,109,,3,0.2,11,Shorea robusta,Sal,,,11.5,11.9
3056,110,,2,11,8,Shorea robusta,Sal,,,12.7,13.2
3056,111,,3,23.4,11.2,Shorea robusta,Sal,,,11.5,12.6
3056,112,,4,19,23,Shorea robusta,Sal,,,13,15
3056,113,,4,19.2,21,Shorea robusta,Sal,,,11.5,11.7
3056,114,,4,24,24,Lagerstroemia parviflora,Botdhairo,,,12.5,9.9
3056,115,,4,8.9,23.2,Casearia graveolens,barkaule,,,10.3,8.5
3056,116,,4,9.4,23.15,Sapium insigne,khirro,,,11.6,7.2
3057,1,,1,3.6,1,Cleistocalyx operculatus ,Kyamuna,20,13.4016778,,
3057,2,,1,8.5,1,Lagerstroemia parviflora,Botdhairo,12,9.281511565,16.4,12.2
3057,3,,1,8.7,1,Cleistocalyx operculatus ,Kyamuna,10.1,7.891216968,12.7,7.7
3057,4,,1,10.1,1,Shorea robusta,Sal,14.6,13.20680137,27.3,20.8
3057,5,,1,14.3,1,Cleistocalyx operculatus ,Kyamuna,10.6,8.280940117,16.9,13.3
3057,6,,1,18.2,1,Cleistocalyx operculatus ,Kyamuna,17.2,12.18518562,23.5,14.4
3057,7,,1,21.7,1,Cleistocalyx operculatus ,Kyamuna,10,7.810960585,,
3057,8,,1,23,1,Schima wallichii,Chilaune,26,15.51782925,43.5,22.9
3057,9,,2,19.4,6.8,Cleistocalyx operculatus ,Kyamuna,5,4.940004154,,
3057,10,,2,19.5,7.9,Shorea robusta,Sal,4.7,4.830057019,,
3057,11,,2,18.7,8.1,Shorea robusta,Sal,4.1,4.23736017,5.3,4
3057,12,,2,17.2,6.7,Shorea robusta,Sal,8.1,7.192162468,,
3057,13,,2,17.7,6,Cleistocalyx operculatus ,Kyamuna,4.4,4.433106486,,
3057,14,,2,16.5,6.7,Cleistocalyx operculatus ,Kyamuna,8.5,7.044104358,10.7,12.4
3057,15,,2,14.4,6.1,Shorea robusta,Sal,4.5,4.641344679,7.2,8.8
3057,16,,2,14.9,9.8,Casearia graveolens,Barkaule,5.7,5.459570523,6.7,6.7
3057,17,,2,13.7,6.6,Shorea robusta,Sal,6.9,6.49632347,9,9.1
3057,18,,2,13.8,5.6,Casearia graveolens,Barkaule,6,5.662963823,,
3057,19,,2,13.2,6.3,Shorea robusta,Sal,7,6.558766274,9.1,11.2
3057,20,,2,13.1,7.7,Shorea robusta,Sal,3.5,3.550715454,,
3057,21,,2,13.2,8.2,Shorea robusta,Sal,6.5,6.237159907,,
3057,22,,2,11.6,8.3,Shorea robusta,Sal,7,6.558766274,,
3057,23,,2,10.8,6,Shorea robusta,Sal,5.2,5.268783837,,
3057,24,,2,9.7,6.9,Syzygium cumini,Jamun,4.7,4.694649616,,
3057,25,,2,8.7,7.7,Cleistocalyx operculatus ,Kyamuna,13,9.927112032,22.2,17.2
3057,26,,2,8.7,7.7,Lagerstroemia parviflora,Botdhairo,7,6.274217514,7.2,5.6
3057,27,,2,7.9,8.9,Cleistocalyx operculatus ,Kyamuna,10.2,7.970682636,15.7,15
3057,28,,2,8.5,6.2,Cleistocalyx operculatus ,Kyamuna,12,9.281511565,16.7,13.4
3057,29,,2,6.5,7.1,Cleistocalyx operculatus ,Kyamuna,4.2,4.248640668,,
3057,30,,2,5.8,5.4,Cleistocalyx operculatus ,Kyamuna,8,6.803709545,9.1,8.6
3057,31,,2,2.5,8.8,Cleistocalyx operculatus ,Kyamuna,13.5,10.2315142,18.8,11.4
3057,33,33a,3,4.8,15.1,Lagerstroemia parviflora,Botdhairo,12.5,9.610769526,,
3057,34,,3,6.2,13.7,Cleistocalyx operculatus ,Kyamuna,9,7.270754617,,
3057,35,,3,5.3,11.4,Casearia graveolens,Barkaule,4,4.05517303,,
3057,36,36a,3,7.1,13.5,Shorea robusta,Sal,7,6.558766274,9.9,9.4
3057,37,36b,3,7.2,13.5,Shorea robusta,Sal,4.4,4.543819226,8.1,8
3057,38,,3,8.3,11.4,Casearia graveolens,Barkaule,4.4,4.433106486,,
3057,39,,3,9,13.5,Syzygium cumini,Jamun,4.5,4.522218101,6.3,2.1
3057,40,,3,9.7,13,Shorea robusta,Sal,9.5,7.884031018,11.8,10.6
3057,41,,3,9.6,10.1,Cleistocalyx operculatus ,Kyamuna,4.9,4.859894359,,
3057,42,,3,11.5,15.1,Lagerstroemia parviflora,Botdhairo,8.7,7.136324794,10.3,9.2
3057,43,,3,11.8,14,Shorea robusta,Sal,7.5,6.858174638,8.5,6.4
3057,44,,3,13.9,11.3,Cleistocalyx operculatus ,Kyamuna,18.5,12.77286339,25.2,12.3
3057,45,,3,15.5,14.5,Shorea robusta,Sal,8.5,7.40134513,20.5,15.5
3057,46,,3,14.8,13.2,Shorea robusta,Sal,4.5,4.641344679,6.7,6.8
3057,47,,3,14.7,11.7,Lagerstroemia parviflora,Botdhairo,4.7,4.694649616,,
3057,48,,3,15.5,11.3,Shorea robusta,Sal,4.2,4.341936314,,
3057,49,,3,16.9,13,Shorea robusta,Sal,5.2,5.268783837,,
3057,50,,3,17.5,11.5,Cleistocalyx operculatus ,Kyamuna,8.9,7.226449128,15.2,11.2
3057,51,,3,17.8,11.7,Shorea robusta,Sal,4.4,4.543819226,9.1,3.5
3057,52,,3,18.7,10.8,Shorea robusta,Sal,6.9,6.49632347,8.3,7.4
3057,53,,3,19.4,11.9,Shorea robusta,Sal,4.2,4.341936314,5.1,8.1
3057,54,,3,19.8,14.9,Cleistocalyx operculatus ,Kyamuna,13,9.927112032,17.4,10.8
3057,55,,3,19.9,14.6,Cleistocalyx operculatus ,Kyamuna,6,5.662963823,,
3057,56,,3,19,15.1,Casearia graveolens,Barkaule,4.8,4.778132699,,
3057,57,,3,19.9,15.1,Shorea robusta,Sal,4.5,4.641344679,,
3057,58,,4,22.3,22.2,Cleistocalyx operculatus ,Kyamuna,10,7.810960585,,
3057,59,,4,21.3,20.6,Shorea robusta,Sal,64,27.60649321,61,25.8
3057,60,,4,19.9,23.2,Shorea robusta,Sal,12,11.29593643,17.1, 
3057,61,,4,16.2,23.4,Cleistocalyx operculatus ,Kyamuna,11.5,8.938238483,,
3057,62,,4,14.6,20.4,Casearia graveolens,Barkaule,10,7.810960585,11.1,7.5
3057,63,,4,11.9,21.2,Cleistocalyx operculatus ,Kyamuna,13,9.927112032,20.5,15.5
3057,64,,4,2.9,23,Cleistocalyx operculatus ,Kyamuna,13,9.927112032,19.5,15.9
3057,65,,4,0.2,25.1,Shorea robusta,Sal,18.6,15.56611718,30.2,19.5
3057,66,,1,0.8,1,Sapium insigne,Khirro,,,16.6,13.3
3057,67,,1,5,1,Cleistocalyx operculatus ,Kyamuna,,,16.2,12.9
3057,68,,1,15.3,1,Lagerstroemia parviflora,Botdhairo,,,,
3057,69,,1,18,1,Cleistocalyx operculatus ,Kyamuna,,,14.9,9
3057,70,,2,24.5,10,Shorea robusta,Sal,,,14.2,12.9
3057,71,,2,23.2,10.1,Shorea robusta,Sal,,,13.4,12
3057,72,,2,19,9.2,Shorea robusta,Sal,,,13.8,14.5
3057,73,,2,19.9,8.9,Syzygium cumini,Jamun,,,,
3057,74,,2,17.1,9.2,Shorea robusta,Sal,,,8.5,9
3057,75,,2,17.7,5.3,Shorea robusta,Sal,,,,
3057,76,,2,12,10,Cleistocalyx operculatus ,Kyamuna,,,,
3057,77,,2,4.6,8.3,Cleistocalyx operculatus ,Kyamuna,,,12.9,10.9
3057,78,,2,11.7,10.2,Shorea robusta,Sal,,,7.9,7.3
3057,79,,2,11,10.1,Shorea robusta,Sal,,,,
3057,80,,3,1.5,12.5,Shorea robusta,Sal,,,15,12.9
3057,81,,3,16.7,14,Xeromphis spinosa ,MainKanda,,,5.5,2.1
3057,82,,3,10.7,14,Shorea robusta,Sal,,,4.6,4.2
3057,83,,3,22.7,12.7,Cleistocalyx operculatus ,Kyamuna,,,19.7,15.1
3057,84,,4,22.9,23.2,Syzygium cumini,Jamun,,,12.2,13
3057,85,,4,23.4,20.1,Shorea robusta,Sal,,,12.3,12.9
3057,86,,4,12.1,22.5,Syzygium cumini,Jamun,,,15.5,12
3057,87,,4,8.5,24,Cleistocalyx operculatus ,Kyamuna,23.2,14.59878903,33,17.3
3057,88,,4,2.5,21.8,Shorea robusta,Sal,,,18.5,14.3
3057,89,33b,3,4.8,15.1,Lagerstroemia parviflora,Botdhairo,12,9.281511565,16.5,14.1
3057,90,,4,23.4,25,Shorea robusta,Sal,,,13.5,13.5
3057,91,,4,20.8,23.5,Shorea robusta,Sal,,,13.2,11.7
3057,92,,3,5.4,15.1,Lagerstroemia parviflora,Botdhairo,,,15.4,13.9
3057,93,,3,16.7,14.2,Shorea robusta,Sal,,,5.3,4.7
3057,94,,3,19.4,15,Shorea robusta,Sal,,,5.2,7.8
3057,95,,2,23,8,Syzygium cumini,Jamun,,,10.5,12.8
3057,96,,2,3.5,10,Shorea robusta,Sal,,,13.5,13.6
3057,97,,2,1.2,10.5,Shorea robusta,Sal,,,12.9,12.9
3057,98,,1,0.5,1,Lagerstroemia parviflora,Botdhairo,,,15.6,9.6
3057,99,,1,1.5,1,Shorea robusta,Sal,,,11.5,8.7
3057,100,,1,3.6,1,Shorea robusta,Sal,,,13.5,10.6
3057,101,,2,2.1,6.4,Shorea robusta,Sal,,,10.3,10.1
3057,102,,2,1.5,10.5,Shorea robusta,Sal,,,10.2,10.4
3058,1,,1,0.5,1,Cassia fistula,Rajbrikhsa,11.9,9.214015774,19.5,11.2
3058,2,,1,6.1,1,Casearia graveolens,Barkaule,10.9,8.506044029,13.1,6.9
3058,3,,1,6.7,1,Shorea robusta,Sal,13.7,12.58685804,22.6,17.1
3058,4,,1,13.9,1,Lagerstroemia parviflora,Botdhairo,18.6,12.81634436,20,12.7
3058,5,,1,17,1,Shorea robusta,Sal,11.6,10.96561327,17.2,13.9
3058,6,,1,22.5,1,Shorea robusta,Sal,10.2,9.712416991,22.5,17.5
3058,7,,1,22.9,1,Lagerstroemia parviflora,Botdhairo,14.1,10.58225206,22.5,17.5
3058,8,,2,23.1,7,Buchannaia latifolia ,Sani/Piyari Bhalayo,10.5,8.204487412,,
3058,9,,2,21.4,8.4,Woodfordia fruticosa ,Botdhairo,13.2,10.05025488,,
3058,10,,2,17.9,10.7,Shorea robusta,Sal,5.4,5.432565539,,
3058,11,,2,17.2,8.4,Shorea robusta,Sal,8.3,7.298014058,,
3058,12,12a,2,18.5,5.8,Casearia illiptica/elliptica,Putali kath,14.8,10.97305445,20.11,8.9
3058,13,12b,2,18.5,5.8,Casearia illiptica/elliptica,Putali kath,20.6,13.64009023,25.4,15.11
3058,14,,2,15.5,5.1,Shorea robusta,Sal,4.1,4.23736017,5.6,1.5
3058,15,,2,14.7,5.8,Shorea robusta,Sal,5,5.098577709,,
3058,16,,2,13.7,8.9,Shorea robusta,Sal,16.6,14.4576961,22.8,17.5
3058,17,,2,13.5,10.5,Buchannaia latifolia ,Sani/Piyari Bhalayo,3.7,3.74603213,,
3058,18,,2,12.7,8.7,Woodfordia fruticosa ,Botdhairo,3.6,3.637386977,,
3058,19,,2,12.6,7.9,Woodfordia fruticosa ,Botdhairo,5.7,5.459570523,,
3058,20,,2,12.2,6.6,Shorea robusta,Sal,3.8,3.907604129,8.9,2
3058,21,,2,10.2,6.5,Lagerstroemia parviflora,Botdhairo,12.8,9.802059915,14.8,12.8
3058,22,,2,7.8,7,Zizyphus rugosa ,Dumrai,4.5,4.522218101,,
3058,23,,2,7.1,5.8,Shorea robusta,Sal,8.8,7.551870046,14.8,11.1
3058,24,,2,6.6,9.5,Lagerstroemia parviflora,Botdhairo,8,6.803709545,12.8,12.5
3058,25,,2,8.2,10.2,Phyllanthus emblica,Amala,6.3,5.856431461,,
3058,27,,3,3.2,13.3,Shorea robusta,Sal,11.5,10.88125257,19,11.6
3058,28,,3,5.7,12.5,Shorea robusta,Sal,4,4.130201639,,
3058,29,,3,6.1,11.7,Lagerstroemia parviflora,Botdhairo,9.9,7.648688072,12.2,9.2
3058,30,,3,5.2,10.6,Shorea robusta,Sal,9.9,8.063013086,14.1,10.1
3058,31,,3,6.8,10.3,Casearia graveolens,Barkaule,4.4,4.433106486,,
3058,32,,3,7.2,10.5,Shorea robusta,Sal,6.7,6.368676032,11.2,11.9
3058,33,,3,7.8,12.5,Casearia graveolens,Barkaule,9.8,7.608430874,12.5,10.5
3058,34,,3,8.3,15.9,Shorea robusta,Sal,18.4,15.46077994,29.5,20.6
3058,35,,3,8.5,14.8,Shorea robusta,Sal,8.4,7.349987134,,
3058,36,36a,3,9.8,15.6,Lagerstroemia parviflora,Botdhairo,9,7.270754617,,
3058,37,36b,3,9.8,15.6,Lagerstroemia parviflora,Botdhairo,7.8,6.703316841,,
3058,38,,3,10.6,15.4,Woodfordia fruticosa ,Botdhairo,4.3,4.34194615,,
3058,39,,3,11.9,14.7,Shorea robusta,Sal,10.3,9.807477258,20.9,19.8
3058,40,,3,9.7,12.3,Lagerstroemia parviflora,Botdhairo,7.2,6.385923492,8.3,9
3058,41,,3,9.9,10.9,Shorea robusta,Sal,15.2,13.59921413,22.8,19.7
3058,42,,3,11.8,11.2,Casearia graveolens,Barkaule,4.8,4.778132699,7,6.7
3058,43,,3,13,11.6,Shorea robusta,Sal,5,5.098577709,7.4,4.2
3058,44,44a,3,14.4,10.7,Woodfordia fruticosa ,Botdhairo,6.7,6.100526974,,
3058,45,44b,3,14.4,10.7,Woodfordia fruticosa ,Botdhairo,9.6,7.526669214,,
3058,46,44c,3,14.4,10.7,Woodfordia fruticosa ,Botdhairo,5.6,5.38938639,,
3058,47,44d,3,14.4,10.7,Woodfordia fruticosa ,Botdhairo,6.7,6.100526974,,
3058,48,,3,17.6,11.4,Casearia graveolens,Barkaule,10.3,8.049373016,18.5,14.7
3058,49,49a,3,19,14,Lagerstroemia parviflora,Botdhairo,10.5,8.204487412,13.3,11.4
3058,50,49b,3,19,14,Lagerstroemia parviflora,Botdhairo,8.8,7.181643001,10.2,9.6
3058,51,,3,16.2,14.7,Woodfordia fruticosa ,Botdhairo,6.9,6.217161853,,
3058,52,,3,22.5,12.1,Lagerstroemia parviflora,Botdhairo,12,9.281511565,,
3058,53,,4,18.8,24.9,Shorea robusta,Sal,18.3,15.40768117,29.8,20.2
3058,54,,4,12.4,23.7,Woodfordia fruticosa ,Botdhairo,10.4,8.127303091,,
3058,55,,4,6.8,24.9,Shorea robusta,Sal,14,12.797919,19.3,22.6
3058,56,,4,4.6,23.2,Shorea robusta,Sal,10.8,10.26934571,21.7,17.5
3058,57,,1,8.4,1,Shorea robusta,Sal,,,18.5,14.6
3058,58,,1,10.5,1,Shorea robusta,Sal,,,17.6,16.9
3058,59,,1,12.3,1,Lagerstroemia parviflora,Botdhairo,,,11.1,12.8
3058,60,,1,21.8,1,Shorea robusta,Sal,,,,
3058,61,,2,23.1,7,Buchannaia latifolia ,Sani/Piyari Bhalayo,,,11,4.4
3058,62,,2,24.6,9,Ehretia laevis ,Bohori,,,12.3,8.1
3058,63,,2,9.8,10,Shorea robusta,Sal,,,,
3058,64,,2,7.2,10.2,Shorea robusta,Sal,,,7.2,2.5
3058,65,,3,1.1,10,Shorea robusta,Sal,,,18.4,9.6
3058,66,,3,5.7,13.4,Shorea robusta,Sal,,,5.1,1.5
3058,67,,3,9.1,12.5,Shorea robusta,Sal,,,7.2,4.5
3058,68,,4,24.6,25.2,Cleistocalyx operculatus ,Kyamuna,,,20.1,6.2
3058,69,,4,23,23.6,Lagerstroemia parviflora,Botdhairo,,,12.5,13.2
3058,70,,3,3.2,11.5,Casearia graveolens,Barkaule,,,,
3058,71,,3,5.5,10.2,Casearia graveolens,Barkaule,,,11.2,1.6
3058,72,,3,3.4,14.4,Casearia graveolens,Barkaule,,,12.2,10.2
3058,73,,3,7.8,15.8,Dalbergia sissoo,Sissoo,,,5.1,
3058,74,,3,10,12.3,Shorea robusta,Sal,,,5.1,6.7
3058,75,,4,24.8,21.5,Shorea robusta,Sal,,,11.4,20.9
3058,76,,4,1.5,24.2,Cassia fistula,Rajbrikhsa,,,11.5,9.6
3058,77,,3,10,16,Lagerstroemia parviflora,Botdhairo,,,,
3058,78,,1,10.8,1,Shorea robusta,Sal,,,11.8,12.6
3058,79,,4,5.2,22.1,Casearia graveolens,Barkaule,,,10.5,6.7
3059,1,,1,1.6,1,Myrsine sp.,Kaiyo,11.8,9.145950391,13,3
3059,2,,1,3,1,Semecarpus anacardium,Bhalayo,15,11.08132051,16.5,8.4
3059,3,,1,12.2,1,Shorea robusta,Sal,23.3,17.76127016,26.9,10.6
3059,4,,1,13.7,1,Terminalia alata ,Saj,15.7,11.44920121,19.5,8.8
3059,5,,1,22.8,1,Cleistocalyx operculatus ,Kyamuna,14.4,10.75206255,,
3059,6,,2,24.2,6.2,Shorea robusta,Sal,12.2,11.45699134,14.8,10.8
3059,7,,2,21.5,8.3,Shorea robusta,Sal,10,9.519468112,15.5,10.1
3059,8,,2,18.7,9.9,Shorea robusta,Sal,4.1,4.23736017,8,5.4
3059,9,,2,18.1,6.1,Shorea robusta,Sal,16.6,14.4576961,23,15
3059,10,,2,14.3,8.2,Shorea robusta,Sal,8.8,7.551870046,,
3059,11,,2,14,8.8,Shorea robusta,Sal,3.2,3.161825569,,
3059,12,,2,13.45,9.1,Shorea robusta,Sal,3.4,3.424918241,,
3059,13,,2,14.7,8.5,Glochidion acuminatum ,Latikath,8.7,7.136324794,,
3059,14,,2,14.9,5.1,Lagerstroemia parviflora,Botdhairo,4.4,4.433106486,,
3059,15,,2,11.6,7.9,Shorea robusta,Sal,3.9,4.020329948,,
3059,16,,2,10.7,6.3,Shorea robusta,Sal,3.1,3.024045743,,
3059,17,,2,11.5,6.5,Lagerstroemia parviflora,Botdhairo,3.3,3.292360764,,
3059,18,,2,11.7,5.2,Shorea robusta,Sal,5.1,5.18451517,10.5,9.9
3059,19,,2,10.1,5.5,Shorea robusta,Sal,8.8,7.551870046,5.7,4.5
3059,20,,2,7.3,8,Shorea robusta,Sal,5.2,5.268783837,,
3059,21,,2,6.5,7.2,Shorea robusta,Sal,9.3,7.791693492,14.8,12.3
3059,22,,2,5.3,9.5,Terminalia alata ,Saj,6.8,6.159273234,,
3059,23,,3,7.2,10.4,Shorea robusta,Sal,7.5,6.858174638,11.2,10.7
3059,24,,3,7.85,10.4,Shorea robusta,Sal,5,5.098577709,9.2,8.4
3059,25,,3,8.5,10.8,Shorea robusta,Sal,44.9,24.1529201,48.5,17.2
3059,26,,3,8.2,14.9,Shorea robusta,Sal,8.4,7.349987134,17,11.8
3059,27,,3,10.4,10.4,Shorea robusta,Sal,4.8,4.921422499,6.5,5.1
3059,28,,3,12.4,13.9,Shorea robusta,Sal,8.1,7.192162468,14,11.4
3059,29,,3,14.1,14.9,Shorea robusta,Sal,5.5,5.512195296,11,11.4
3059,30,,3,14.9,11.8,Lagerstroemia parviflora,Botdhairo,6.3,5.856431461,9.9,7.6
3059,31,,3,15.5,10.5,Shorea robusta,Sal,11.3,10.71030784,19.7,14.9
3059,32,,3,16.4,10.4,Shorea robusta,Sal,5.9,5.816860717,,
3059,33,,3,17.1,10.2,Shorea robusta,Sal,7.6,6.915654949,10,7
3059,34,,3,16.9,13,Shorea robusta,Sal,9.7,7.974444705,,
3059,35,,3,19.7,10.3,Shorea robusta,Sal,5.7,5.667201059,11.4,10.1
3059,36,,3,22.9,13,Cleistocalyx operculatus ,Kyamuna,32.6,17.34241762,35.5,10.7
3059,38,,4,20.5,21,Shorea robusta,Sal,12.6,11.77132828,,
3059,39,,4,17.9,24.6,Shorea robusta,Sal,33.2,21.21144497,39,39
3059,40,,4,6.9,23.7,Shorea robusta,Sal,11.4,10.79615509,19.8,16.7
3059,41,,4,6.8,21.8,Shorea robusta,Sal,27,19.19731609,33,17.9
3059,43,,1,19.6,1,Semecarpus anacardium,Bhalayo,,,13.3,11
3059,44,,2,18.4,8.3,Shorea robusta,Sal,,,10.5,9.3
3059,45,,2,13.4,6.5,Casearia graveolens,Barkaule,,,4.2,3.2
3059,46,,2,10.7,7.5,Shorea robusta,Sal,,,,
3059,47,,3,2.7,10.4,Shorea robusta,Sal,,,12,10.1
3059,48,,3,2.6,12.3,Shorea robusta,Sal,,,13.1,8.9
3059,49,,4,23,20.3,Semecarpus anacardium,Bhalayo,15.5,11.34579338,,
3059,50,,4,2.1,22.8,Myrsine sp.,Kaiyo,,,,
3059,51,,3,12.3,11.3,Shorea robusta,Sal,,,5,3.1
3059,52,,3,12.6,11.3,Shorea robusta,Sal,,,,
3059,53,,4,8.2,20.5,Semecarpus anacardium,Bhalayo,,,13,9.5
3060,1,,1,0.9,1,Shorea robusta,Sal,11.3,10.71030784,18.8,15
3060,2,,1,0.8,1,Shorea robusta,Sal,12.7,11.84835318,18.5,16.5
3060,3,,1,2.3,1,Shorea robusta,Sal,15,13.47015794,20.7,16.8
3060,4,,1,5.2,1,Shorea robusta,Sal,15.5,13.78964886,22.1,19.1
3060,5,,1,5.2,1,Shorea robusta,Sal,10,9.519468112,11.3,11.7
3060,6,,1,10.6,1,Shorea robusta,Sal,16.2,14.22003554,20.6,14.3
3060,7,,1,11.3,1,Shorea robusta,Sal,13.5,12.44356722,16.9,14.7
3060,8,,1,12.6,1,Shorea robusta,Sal,18.9,15.7220181,27.8,19.8
3060,9,,1,12.9,1,Shorea robusta,Sal,11.7,11.04924984,15.8,10.9
3060,10,,1,13.5,1,Shorea robusta,Sal,15.9,14.03790687,23.2,18.6
3060,11,,1,16.4,1,Shorea robusta,Sal,12.9,12.00060003,21.2,18.9
3060,12,,1,16.9,1,Shorea robusta,Sal,11.3,10.71030784,14.5,10.1
3060,13,,1,19.3,1,Shorea robusta,Sal,14.5,13.13983478,22.3,18
3060,14,,1,22.8,1,Shorea robusta,Sal,10,9.519468112,18.6,18
3060,15,,2,23.2,7.6,Shorea robusta,Sal,14.5,13.13983478,19.1,14.1
3060,16,,2,22.4,8,Shorea robusta,Sal,13.5,12.44356722,20.9,17
3060,17,,2,19.8,8.8,Lagerstroemia parviflora,Botdhairo,9.5,7.485147369,,
3060,18,,2,19.9,6.5,Shorea robusta,Sal,10,9.519468112,12.4,13.5
3060,19,,2,19,7.9,Shorea robusta,Sal,6.9,6.49632347,,
3060,20,,2,17.5,9.4,Shorea robusta,Sal,8,7.138252458,11.1,12.7
3060,21,,2,16.1,8.5,Shorea robusta,Sal,7,6.558766274,,
3060,22,,2,16.7,7.4,Shorea robusta,Sal,8.4,7.349987134,,
3060,23,,2,16.1,7.5,Shorea robusta,Sal,5.9,5.816860717,,
3060,24,,2,16.3,6.9,Shorea robusta,Sal,8.4,7.349987134,10.5,12.7
3060,25,,2,15.9,6.8,Shorea robusta,Sal,9.9,8.063013086,12.4,10.5
3060,26,,2,15,6.6,Shorea robusta,Sal,4.3,4.444051614,,
3060,27,,2,14.9,6.5,Lagerstroemia parviflora,Botdhairo,2.3,1.860834545,,
3060,28,,2,14.6,10,Shorea robusta,Sal,13.5,12.44356722,19.4,15.9
3060,29,,2,14,9.8,Shorea robusta,Sal,3.5,3.550715454,,
3060,30,,2,12.7,8,Shorea robusta,Sal,7.2,6.681019429,,
3060,31,,2,13.2,6.4,Shorea robusta,Sal,6.2,6.032096563,,
3060,32,,2,15.5,10.2,Shorea robusta,Sal,5.5,5.512195296,7,6.5
3060,33,,2,11.8,8.7,Shorea robusta,Sal,7.9,7.083664317,,
3060,34,,2,11,7.9,Shorea robusta,Sal,10.1,9.616420156,15.1,16.1
3060,35,,2,11.6,8,Shorea robusta,Sal,9,7.649395498,,
3060,36,,2,9.7,6.4,Shorea robusta,Sal,13,12.07584056,20.6,18.2
3060,37,,2,10.1,7.6,Shorea robusta,Sal,4.1,4.23736017,,
3060,38,,2,10.3,8.4,Shorea robusta,Sal,11,10.44813238,12.2,14
3060,39,,2,11.1,10.1,Shorea robusta,Sal,11.9,11.21439956,15.1,15.1
3060,40,,2,9.1,6.1,Shorea robusta,Sal,5.8,5.742676005,7,6.7
3060,41,,2,7,6.6,Shorea robusta,Sal,10.9,10.35914911,13.8,11.1
3060,42,,2,5.8,5.4,Shorea robusta,Sal,15.5,13.78964886,22.6,19.5
3060,43,,2,5.8,6.7,Shorea robusta,Sal,13,12.07584056,16.7,14.4
3060,44,,2,5.6,7.7,Shorea robusta,Sal,6,5.889798569,,
3060,45,,2,5.8,9.3,Shorea robusta,Sal,13,12.07584056,18.8,17.6
3060,46,,2,5,10,Shorea robusta,Sal,8.7,7.502272934,9.5,8.2
3060,47,,2,1.8,8.4,Cleistocalyx operculatus ,Kyamuna,17.5,12.32465365,20.8,16.2
3060,48,,2,2.5,7.6,Shorea robusta,Sal,15,13.47015794,24.5,19.5
3060,49,,2,2,6.5,Shorea robusta,Sal,12.4,11.61542735,15,12.7
3060,50,,3,1.5,11.9,Shorea robusta,Sal,12,11.29593643,19.3,15.6
3060,51,,3,6.1,11.6,Shorea robusta,Sal,13,12.07584056,17,15.4
3060,52,,3,5.8,10.1,Shorea robusta,Sal,9.5,7.884031018,12.6,12.7
3060,53,,3,7,11.5,Shorea robusta,Sal,14.5,13.13983478,20,15.1
3060,54,,3,8.2,13.8,Shorea robusta,Sal,7.8,7.028380767,,
3060,55,,3,8.6,13.2,Shorea robusta,Sal,12.5,11.69368962,17,13.8
3060,56,,3,9.8,13.5,Shorea robusta,Sal,5,5.098577709,,
3060,57,,3,12.5,13.2,Shorea robusta,Sal,10,9.519468112,,
3060,58,,3,13.3,13.8,Shorea robusta,Sal,4.7,4.830057019,,
3060,59,,3,13.5,12,Shorea robusta,Sal,8.5,7.40134513,15,13.7
3060,60,,3,14.1,14.4,Shorea robusta,Sal,9.5,7.884031018,,
3060,61,,3,15.8,14,Shorea robusta,Sal,13.5,12.44356722,20.5,17
3060,62,,3,15.2,12.1,Shorea robusta,Sal,11.2,10.62369749,15.4,16.2
3060,63,,3,15.3,10.8,Shorea robusta,Sal,12,11.29593643,17.2,17.4
3060,64,,3,17.9,11,Shorea robusta,Sal,13,12.07584056,19.6,17.9
3060,65,,3,15.8,10.7,Shorea robusta,Sal,8.5,7.40134513,,
3060,66,,3,16.7,12.3,Shorea robusta,Sal,7.4,6.799922757,9.3,5.3
3060,67,,3,15.4,14,Shorea robusta,Sal,6.2,6.032096563,,
3060,68,,3,18.1,13.8,Shorea robusta,Sal,10.5,9.994859956,15.4,13.5
3060,69,,3,18.2,13.8,Shorea robusta,Sal,10.1,9.616420156,13.5,13.9
3060,70,,3,19.5,11.8,Shorea robusta,Sal,6.6,6.303416156,10.3,11.6
3060,71,,3,20.2,13.9,Shorea robusta,Sal,12.2,11.45699134,20.2,17.9
3060,72,,3,21.5,10.4,Shorea robusta,Sal,13.5,12.44356722,21.4,18
3060,73,,3,22.5,12.1,Shorea robusta,Sal,10.1,9.616420156,15,15.4
3060,74,,3,24.3,14.5,Shorea robusta,Sal,13.7,12.58685804,20.6,17.3
3060,75,,4,24.3,22.5,Shorea robusta,Sal,14,12.797919,21.8,15.2
3060,76,,4,22.8,21.3,Shorea robusta,Sal,10.5,9.994859956,14.2,10.7
3060,77,,4,18.9,23.4,Shorea robusta,Sal,11,10.44813238,14,7
3060,78,,4,19,21.7,Shorea robusta,Sal,10.9,10.35914911,19.8,17.3
3060,79,,4,13.9,23.4,Shorea robusta,Sal,12,11.29593643,21.5,17.1
3060,80,,4,7.9,20.2,Shorea robusta,Sal,10,9.519468112,16,15.3
3060,81,,4,4.6,20.3,Shorea robusta,Sal,11.5,10.88125257,19.3,15.6
3060,82,,4,3.1,20.5,Shorea robusta,Sal,11.3,10.71030784,16.8,15.3
3060,83,,4,3.1,21.4,Shorea robusta,Sal,10.2,9.712416991,,
3060,84,,1,15.4,1,Lagerstroemia parviflora,Botdhairo,,,,
3060,85,,2,20,6.5,Shorea robusta,Sal,,,11,13
3060,86,,2,19.4,8.8,Shorea robusta,Sal,,,,
3060,87,,2,17.3,10,Shorea robusta,Sal,,,,
3060,88,88a,2,18,10.1,Shorea robusta,Sal,,,,
3060,89,88b,2,18.5,10.1,Shorea robusta,Sal,,,,
3060,90,,3,11,10.2,Shorea robusta,Sal,,,,
3060,91,,3,16.7,12,Shorea robusta,Sal,,,,
3060,92,,4,12.3,21,Shorea robusta,Sal,,,15.2,13.7
3060,93,,4,11.9,21,Shorea robusta,Sal,,,16.5,14.7
3060,94,,4,5,21.5,Shorea robusta,Sal,,,14,13.9
3060,95,,1,20.8,1,Shorea robusta,Sal,,,10.5,11.4
3060,96,,1,21.4,1,Shorea robusta,Sal,,,11.3,11.4
3061,1,,1,2.3,1,Dalbergia sissoo,Sissoo,17.2,12.18518562,,
3061,2,,1,8,1,Dalbergia sissoo,Sissoo,20.5,13.600841,,
3061,3,,1,10,1,Dalbergia sissoo,Sissoo,10.5,8.204487412,,
3061,4,,1,23.2,1,Shorea robusta,Sal,11,10.44813238,,
3061,5,,1,21.6,1,Dalbergia sissoo,Sissoo,21.1,13.83352156,,
3061,6,,1,18,1,Shorea robusta,Sal,11.5,10.88125257,,
3061,7,,1,19.8,1,Shorea robusta,Sal,7.5,6.858174638,,
3061,8,8a,1,14.5,1,Psidium guava,Amba,7.5,6.547794947,,
3061,9,8b,1,14.5,1,Psidium guava,Amba,7.5,6.547794947,,
3061,10,,1,12,1,Sapium insigne,Khirro,10.1,7.891216968,,
3061,11,,1,14.1,1,Dalbergia sissoo,Sissoo,12,9.281511565,,
3061,12,12a,1,13.4,1,Murraya koenigii ,Asare,4,4.05517303,,
3061,13,12b,1,13.4,1,Murraya koenigii ,Asare,3.2,3.170341906,,
3061,14,,1,11.6,1,Dalbergia sissoo,Sissoo,11.8,9.145950391,,
3061,15,,1,11.2,1,Lagerstroemia parviflora,Botdhairo,3.8,3.85177973,,
3061,16,,2,2.9,6.4,Albizia lucida,Padke,12,9.281511565,,
3061,17,,4,24.7,22.2,Shorea robusta,Sal,16.8,14.57438732,,
3061,18,,4,15.2,25.1,Shorea robusta,Sal,11,10.44813238,,
3061,19,,4,14.6,24.2,Shorea robusta,Sal,12.2,11.45699134,,
3061,20,,4,8.8,24,Shorea robusta,Sal,10.8,10.26934571,,
3061,21,,4,5.3,24.6,Shorea robusta,Sal,12.3,11.53653137,,
3061,22,,2,8,10,Shorea robusta,Sal,4.4,4.543819226,,
3061,23,,2,11.3,8.8,Lagerstroemia parviflora,Botdhairo,3.3,3.292360764,,
3061,24,,3,11.5,11.8,Dalbergia sissoo,Sissoo,11.6,9.00807182,,
3061,25,25a,3,12.3,14.5,Sapium insigne,Khirro,6.3,5.856431461,,
3061,26,25b,3,12.3,14.5,Sapium insigne,Khirro,8.1,6.852968564,,
3061,27,27a,3,13.4,11.4,Murraya koenigii ,Asare,3.3,3.292360764,,
3061,28,27b,3,13.4,11.4,Murraya koenigii ,Asare,4.1,4.153086647,,
3061,29,29a,3,14.5,13.8,Psidium guava,Amba,7.3,6.440618153,,
3061,30,29b,3,14.5,13.8,Psidium guava,Amba,7.6,6.600316245,,
3061,31,,3,14,10.4,Dalbergia sissoo,Sissoo,13.6,10.29103993,,
3061,32,,4,17.7,23.3,Shorea robusta,Sal,11.4,10.79615509,,
3061,33,,4,19.7,24,Shorea robusta,Sal,7.1,6.620323334,,
3061,34,,4,21.4,21.5,Dalbergia sissoo,Sissoo,20.6,13.64009023,,
3061,35,,4,23.1,21.4,Shorea robusta,Sal,11.1,10.53631036,,
3062,1,,1,12.3,1,Shorea robusta,Sal,17,14.68969754,22.2,16.3
3062,2,,1,16.2,1,Shorea robusta,Sal,11.5,10.88125257,17.3,10.7
3062,3,,2,15.6,5.2,Shorea robusta,Sal,10,9.519468112,16.2,13.2
3062,4,,2,13.1,7.9,Shorea robusta,Sal,5.5,5.512195296,,
3062,5,,2,12.9,8.3,Shorea robusta,Sal,12,11.29593643,18.4,12.6
3062,6,,2,12.5,8.8,Casearia graveolens,Barkaule,5,4.940004154,,
3062,7,,3,10.8,12.3,Shorea robusta,Sal,10,9.519468112,11.5,6.5
3062,8,,3,7.4,13.7,Shorea robusta,Sal,13.3,12.29813765,23,15.1
3062,9,,3,7.5,12.1,Shorea robusta,Sal,8.5,7.40134513,14,8.3
3062,10,,3,11.5,13.6,Shorea robusta,Sal,9.5,7.884031018,13.5,6.6
3062,11,,3,14.4,12.5,Shorea robusta,Sal,7.6,6.915654949,13.2,10.2
3062,12,,3,15.1,12.1,Shorea robusta,Sal,5.2,5.268783837,,
3062,13,,3,15.1,11.7,Shorea robusta,Sal,14.8,13.3393694,18.2,13.9
3062,14,,4,21,22.6,Shorea robusta,Sal,13,12.07584056,20.2,16.4
3062,15,,4,17.7,24.1,Shorea robusta,Sal,13,12.07584056,15.8,12.7
3062,16,,4,8.1,22.3,Cleistocalyx operculatus ,Kyamuna,14,10.5248447,20,13
3062,17,,4,24.8,25.2,Shorea robusta,Sal,,,16.4,13
3062,18,,3,21,10.2,Shorea robusta,Sal,,,15.9,7.9
3062,19,,1,22,1,Shorea robusta,Sal,,,15.7,13.7
3062,20,,2,12.6,8.55,Casearia graveolens,Barkaule,,,,
3062,21,,4,15.6,24.1,Shorea robusta,Sal,,,,
3062,22,,4,16.7,20.2,Shorea robusta,Sal,,,,
3063,1,,1,4.4,1,Dalbergia sissoo,Sissoo,18,12.55187149,,
3063,2,,1,5.4,1,Cleistocalyx operculatus ,Kyamuna,15,11.08132051,,
3063,3,,1,11.1,1,Syzygium cumini,Jamun,12.5,9.610769526,,
3063,4,,1,13.1,1,Dalbergia sissoo,Sissoo,13,9.927112032,,
3063,5,,1,18.3,1,Cassia fistula,Rajbrikhsa,14,10.5248447,,
3063,6,,2,19.7,5.9,Syzygium cumini,Jamun,12.5,9.610769526,,
3063,7,,2,19.5,7.5,Casearia graveolens,Barkaule,10,7.810960585,,
3063,8,,2,20.7,8.7,Dalbergia sissoo,Sissoo,16,11.60186886,,
3063,9,,2,18,8.6,Shorea robusta,Sal,9.5,7.884031018,,
3063,10,,2,17.5,6.8,Dalbergia sissoo,Sissoo,11.7,9.077305721,,
3063,11,,2,17.3,8.3,Shorea robusta,Sal,6.5,6.237159907,,
3063,12,,2,15.4,8.5,Sapium insigne,Khirro,10.5,8.204487412,,
3063,13,,2,15.2,7.6,Cleistocalyx operculatus ,Kyamuna,14.2,10.63925371,,
3063,14,,2,15.1,8.5,Shorea robusta,Sal,9.5,7.884031018,,
3063,15,,2,11.6,8.1,Dalbergia sissoo,Sissoo,18,12.55187149,,
3063,16,,2,13.5,6.3,Shorea robusta,Sal,9.5,7.884031018,,
3063,17,,2,11.23,5.6,Dalbergia sissoo,Sissoo,13,9.927112032,,
3063,18,18a,2,11.5,5.4,Shorea robusta,Sal,4.5,4.641344679,,
3063,19,18b,2,11.5,5.4,Shorea robusta,Sal,4.3,4.444051614,,
3063,20,,2,10.24,6.9,Shorea robusta,Sal,10.5,9.994859956,,
3063,21,,2,9.5,8.4,Dalbergia sissoo,Sissoo,11.3,8.796731345,,
3063,22,,2,7.6,7.9,Shorea robusta,Sal,12.7,11.84835318,,
3063,23,,2,1.9,6.8,Lagerstroemia parviflora,Botdhairo,12,9.281511565,,
3063,24,,2,1.7,6.6,Syzygium cumini,Jamun,11.5,8.938238483,,
3063,25,,3,1.4,11,Dalbergia sissoo,Sissoo,13.5,10.2315142,,
3063,26,,3,4.8,10.1,Bombax ceiba,Simal,11,8.579703902,,
3063,27,,3,5.8,10.1,Shorea robusta,Sal,5.5,5.512195296,,
3063,28,,3,6.7,11.2,Shorea robusta,Sal,6.2,6.032096563,,
3063,29,,3,6.5,11.3,Cleistocalyx operculatus ,Kyamuna,8.7,7.136324794,,
3063,30,,3,9.6,11.6,Dalbergia sissoo,Sissoo,7.5,6.547794947,,
3063,31,,3,10,10.3,Shorea robusta,Sal,8.6,7.452102433,,
3063,32,,3,14.7,10.6,Lagerstroemia parviflora,Botdhairo,15,11.08132051,,
3063,33,,3,15.3,12.9,Cleistocalyx operculatus ,Kyamuna,7.3,6.440618153,,
3063,34,,3,15.8,13.7,Dalbergia sissoo,Sissoo,7.3,6.440618153,,
3063,35,,3,13.3,13.8,Sapium insigne,Khirro,6.2,5.792985308,,
3063,36,,3,19.3,14.3,Sapium insigne,Khirro,6.8,6.159273234,,
3063,37,,4,21.7,20.2,Shorea robusta,Sal,12,11.29593643,,
3063,38,,4,20.1,23.2,Dalbergia sissoo,Sissoo,18.5,12.77286339,,
3063,39,,4,14,23.2,Cleistocalyx operculatus ,Kyamuna,15.5,11.34579338,,
3063,40,,4,0.2,20.9,Dalbergia sissoo,Sissoo,14.8,10.97305445,,
3064,1,,1,10,1,Dalbergia sissoo,Sissoo,17.5,12.32465365,18.1,7.2
3064,2,,1,7.7,1,Dalbergia sissoo,Sissoo,15,11.08132051,17.1,9.2
3064,3,,1,12.8,1,Acacia auriculiformis,SimalKhair,13.8,10.40878946,21.1,6.8
3064,4,,1,14.4,1,Dalbergia sissoo,Sissoo,10,7.810960585,16.4,8.6
3064,6,,2,24.8,6.8,Acacia catechu,Khayer,18,12.55187149,21.8,10.3
3064,7,,2,20.8,7.5,Acacia catechu,Khayer,12.5,9.610769526,15.1,10.2
3064,8,,2,16.8,25,Acacia catechu,Khayer,14.3,10.69585535,16.5,6.1
3064,9,,2,17.4,9,Acacia catechu,Khayer,13.8,10.40878946,16.6,7.7
3064,10,,3,11.6,10,Dalbergia sissoo,Sissoo,8.8,7.181643001,,
3064,11,,3,13.7,11.6,Acacia catechu,Khayer,18,12.55187149,23,11.7
3064,12,,3,15,12.4,Psidium guava,Amba,5.5,5.31793761,,
3064,13,,3,17,12.6,Acacia catechu,Khayer,11.2,8.725035762,,
3064,14,,3,21.4,12.7,Acacia catechu,Khayer,16,11.60186886,20,10.8
3064,15,,4,20.7,20.3,Acacia catechu,Khayer,14.3,10.69585535,16.9,9.7
3064,16,,4,17.8,20.3,Acacia catechu,Khayer,15.4,11.29358802,24.4,12.7
3064,17,,1,3,1,Dalbergia sissoo,Sissoo,,,15.5,7.8
3064,18,,1,5.5,1,Bambusa spp.,Bamboo,,,,
3064,19,,1,16.4,1,Bambusa spp.,Bamboo,,,,
3064,20,,1,21,1,Bambusa spp.,Bamboo,,,,
3064,21,,1,24,1,Dalbergia sissoo,Sissoo,,,13.4,9.3
3064,22,,2,13.7,7.5,Bambusa spp.,Bamboo,,,,
3064,23,,3,19,13,Bambusa spp.,Bamboo,,,,
3064,24,,3,22,11.8,Bambusa spp.,Bamboo,,,,
3064,25,,2,0.4,10,Acacia catechu,Khayer,,,17.2,10.2
3064,26,,3,3,10.4,Acacia catechu,Khayer,12.5,9.610769526,,
3064,27,,3,5,12,Acacia catechu,Khayer,,,,
3064,28,,2,19.7,10,Acacia catechu,Khayer,,,,
3064,29,,4,13.1,20.9,Bambusa spp.,Bamboo,,,,
3064,30,,4,12.3,22.1,Dalbergia sissoo,Sissoo,,,13.3,10.1
3064,31,,4,3.2,24.9,Acacia catechu,Khayer,,,12.6,6.3
3064,32,,4,4.1,22.7,Acacia catechu,Khayer,,,13.4,8.4
3064,33,,4,2.3,20.9,Acacia catechu,Khayer,,,19.1,9.3
3064,34,,3,11.5,13,Sapium insigne,Khirro,,,6.6,4.4
3064, ,,1,22.6,1,Acacia catechu,Khayer,12.5,9.610769526,14.2,8.7
3065,1,,1,1.3,1,Dalbergia sissoo,Sissoo,23,14.5289557,29.2,16.2
3065,2,,1,4,1,Dalbergia sissoo,Sissoo,12,9.281511565,,
3065,3,,1,8.7,1,Dalbergia sissoo,Sissoo,14.5,10.80788076,21,16.4
3065,4,,1,2.6,1,Dalbergia sissoo,Sissoo,20,13.4016778,29.5,20.4
3065,5,,2,4.9,8.45,Dalbergia sissoo,Sissoo,21,13.79520463,26.2,14.9
3065,6,,2,8.4,7.4,Dalbergia sissoo,Sissoo,17,12.09084887,26.5,14.7
3065,7,,3,0.6,12.4,Dalbergia sissoo,Sissoo,16.1,11.6521226,28.2,18.2
3065,8,,3,4,10.3,Dalbergia sissoo,Sissoo,15.5,11.34579338,23,20.9
3065,9,,3,11,13,Cleistocalyx operculatus ,Kyamuna,,,,
3065,10,,3,15,13,Psidium guava,Amba,,,,
3065,11,,1,15,1,Dalbergia sissoo,Sissoo,,,11.5,8.8
3065,12,,1,15.1,1,Cleistocalyx operculatus ,Kyamuna,,,19.1,14.2
